Technology Type,Extractant Or Reagent,Target Metals,Waste Stream Tested,Recovery Efficiency Percent,Separation Factors,Processing Time,Reagent Consumption,Energy Consumption,Purity Achieved,Scale Or Trl,Cost Data
Solvent extraction (D2EHPA-based),"D2EHPA (di-(2-ethylhexyl) phosphoric acid) at 0.3, 0.6, 0.9, 1.2 M in various diluents (Solvent 70, hexane, octane, toluene, cyclohexanone, 1-octanol, chloroform); stripping with HCl (0.5–3 M)","Nd, Dy, Pr, Gd (plus monitoring Co and B as contaminants)",Real NdFeB magnet leachate produced via selective roasting/sulfation and sulfuric acid leaching (commercially relevant magnet waste leachate),"Extraction: up to 100% transfer of REEs to organic phase at 0.9–1.2 M D2EHPA in hexane/octane; selective HREE extraction (Dy, Gd ~~99%) with 0.3 M D2EHPA in hexane while LREEs ~50% under those conditions; Stripping: ~100% at ≥2 M HCl",Highest Dy/Nd (aDy/Nd) separation achieved with 0.3 M D2EHPA in hexane (numerical values: Dy/Gd high; many separation factors reported in Table 2 — best Dy/(Nd&Pr) with 0.3 M hexane; typical adjacent-REE separation factors with D2EHPA ~2.5; other diluents/concentrations gave aDy/Nd <10,Extraction kinetics: equilibrium reached <3 min in most diluents (3–5 min in cyclohexanone/chloroform); experimental equilibration and stripping used 20 min shaking for re-equilibration and 5 min stripping tests,D2EHPA used at 0.3–1.2 M; HCl stripping at 0.5–3 M. No mass-based reagent consumption (kg reagent per kg REE) reported.,Not mentioned in source.,General statement: solvent extraction can give materials up to 99.99% purity (cited). This paper does not report final purified product purities from a full process flow or precipitation steps.,Bench-scale batch tests at 3.5 mL vials; TRL: lab-scale (no pilot studies reported),Not mentioned in source.
"Solvent extraction following acetic acid leaching (D2EHPA in kerosene, 30% v/v) with contact time ~20 min at 30°C; technology type: solvent extraction (post-acid leaching)","Leaching reagent: acetic acid (CH3COOH), 1 M; extractant: D2EHPA in kerosene (30% v/v); phase ratio A:O = 1:1",Neodymium (Nd) and Dysprosium (Dy),"Xenotime mineral leachate (primary mineral source), not magnet manufacturing waste",Nd: 99.4%; Dy: 99.3%,Not mentioned in source.,Contact time: 20 minutes at 30°C (optimal),Leachant concentration: 1 M acetic acid; organic phase D2EHPA 30% v/v; A:O phase ratio 1:1. Specific reagent consumption per kg REE not mentioned,Not mentioned in source.,Not mentioned in source.,Laboratory-scale study on xenotime leachates; TRL: laboratory (bench-scale),Not mentioned in source.
Not mentioned in source.,"TODGA (tetraoctyl diglycolamide) and D2EHPA (di(2-ethylhexyl)phosphoric acid) were used as extractants; leachates prepared in nitric acid (for TODGA) and sulfuric acid (for D2EHPA); diluents tested included solvent 70, hexane, octane, cyclohexanone, toluene, 1-octanol and chloroform.","Neodymium (Nd), Dysprosium (Dy), with minor Praseodymium (Pr) and Terbium (Tb).",Real neodymium magnet waste leachates: nitric acid and sulfuric acid media leachates from commercial neodymium magnet waste.,Not mentioned in source.,"Authors report that diluent choice affected separation factors and that both extractants showed good selectivity for REEs, but specific numerical separation factors are Not mentioned in source..",Not mentioned in source.,Not mentioned in source.,Not mentioned in source.,Not mentioned in source.,Lab-scale research using real commercial leachates; TRL appears to be research/lab stage (not a pilot or commercial deployment) based on description.,Not mentioned in source.
Solvent extraction,"D2EHPA and TODGA; diluents tested included solvent 70, hexane, octane, cyclohexanone, toluene, 1-octanol and chloroform.","Neodymium (Nd), Dysprosium (Dy), Praseodymium (Pr) and Terbium (Tb).",Real neodymium magnet waste leachates produced using nitric acid and sulfuric acid media.,Not mentioned in source.,"Paper discusses diluent effects on separation factors and reports that both extractants showed good selectivity, but specific numeric separation factors are not provided in the available metadata/full text.",Not mentioned in source.,Not mentioned in source.,Not mentioned in source.,Not mentioned in source.,Lab/pilot research focused on development using real leachates; specific scale (volumes) and TRL not mentioned in the metadata/full text available.,Not mentioned in source.
"Solvent extraction using an undiluted non-fluorinated ionic liquid (trihexyl(tetradecyl)phosphonium nitrate, Cyphos IL 101 nitrate) for separation of Co(II), Nd(III) and Dy(III) from NdFeB leachates.","Primary extractant: trihexyl(tetradecyl)phosphonium nitrate (Cyphos IL 101 nitrate). Stripping/scrubbing agents: 10 M NH4NO3 for scrubbing, Na2EDTA (0.03 M) + 10 M NH4NO3 for selective Dy stripping, oxalic acid for precipitation stripping; HNO3 used to re-extract Nd from EDTA complex.","Neodymium (Nd), Dysprosium (Dy), and Cobalt (Co).",Iron-free leachates from roasted NdFeB magnet powder (real magnet waste leachates); also synthetic solutions mimicking roasted leachate used for optimization.,"Extraction efficiencies reported: Nd 80.5% and Dy 76.4% for concentrated feed; for 2× diluted feed: Dy 96.9% and Nd 94.6%. Scrubbing/back-extraction of Nd and Dy during Co scrubbing: 0.38% and 0.35% respectively. Final oxide yields: Nd2O3 yield 99.3% (purity 99.6%), Dy2O3 purity 99.8% (yield 99.1%), CoO purity 99.8% (yield 99.4%).",Reported separation factors: αNd/Co = 590 and αDy/Co = 500 for diluted synthetic feed. Selective Dy stripping achieved Dy stripping efficiency 58.9% (with 0.03 M EDTA + 10 M NH4NO3) with Nd back-extraction 2.3%; at 70 °C selective stripping gave Dy 79.8% and Nd 4.0%.,"Extraction: 60 °C, 1900 rpm, 60 min to reach equilibrium. Scrubbing (Co removal): 80 °C, 90 min. Selective Dy stripping with EDTA: typically 70 °C, 60 min (but 30 min sufficient for EDTA complexation). Roasting step for iron-free leachate: 72 h at 80 °C (or one month at room temp).","Reported reagent concentrations: 10 M NH4NO3 used as salting-out/scrubbing agent; Na2EDTA used at 0.03 M for selective Dy stripping; oxalic acid used stoichiometrically for precipitation stripping; HNO3 (16% wt/wt, 50 µL) used to dissociate Nd-EDTA for re-extraction. No mass or kg/kg REE consumption metrics provided beyond solution concentrations.",Not mentioned in source.,"Final oxide purities: Nd2O3 99.6% (TXRF), Dy2O3 99.8%, CoO 99.8% as reported for products from iron-free leachates.",Lab-scale experiments: extractions performed in 4 mL vials; process demonstrated on real roasted magnet leachates but at lab scale. Ionic liquid recycling shown for three cycles. TRL: laboratory proof-of-concept (approx. TRL 3-4). No pilot/commercial scale reported.,"No quantitative cost data or USD/kg REE provided. Authors state phosphonium nitrate ionic liquids are relatively inexpensive compared to other ILs and are produced at large scale, but no numeric cost or operating cost metrics are given in the source."
The paper covers acid leaching and solvent extraction (hydrometallurgical processes); ionic liquid-assisted solvent extraction was tested alongside conventional extractant D2EHPA.,"Lixiviants tested: HCl, HNO3, H2SO4, aqua regia, acetic acid, oxalic acid; extractants compared: D2EHPA and ionic liquid CYPHOS® IL101.",Neodymium (Nd) and Dysprosium (Dy) were the target metals.,Spent NdFeB magnets (HDD magnets) were the tested waste stream.,Not mentioned in source.,Not mentioned in source.,Not mentioned in source.,Not mentioned in source.,Not mentioned in source.,Complete recovery of Nd and Dy reported from the optimized system; purity % not specified in source.,Not mentioned in source.,Not mentioned in source.
Solvent extraction (liquid-liquid extraction) with selective stripping.,"Primary extractant: D2EHPA dissolved in kerosene/diluent; stripping reagents: HCl, H2SO4, HNO3 (various concentrations tested).",Dysprosium (Dy) and Neodymium (Nd).,Permanent magnet scraps leach liquor (acid leachate from NdFeB magnet scrap) with feed concentrations Dy ~1.56–1.72 g/L and Nd ~6.90–7.80 g/L.,"Extraction: Dy extracted 70–98% (with 0.1 M D2EHPA across pH 1.91–5.87); at 0.5 M and pH 0.21 Dy ~85% (Nd ~5%). Overall method recovered up to ~88% Dy. Selective stripping: up to ~55% Nd stripped in selective step, and 85–90% Dy stripped in single-stage with ~2.0 M mineral acid.","Separation factor (Dy/Nd): ~247.2 at 0.1 M D2EHPA, pH initial ~3.06; increased to ~410 at O/A = 1.5 with 0.1 M D2EHPA.","Extraction contact time: 5 min (equilibrium achieved for Dy); Nd may require 10–20 min at higher extractant. Stripping: tested 1–120 min; ~90 min suitable for Nd stripping in one test, Dy stripped in 15–20 min in subsequent step. Typical lab batch conditions used: 5 min extraction, 30 min stripping for some experiments.",Extractant concentrations tested: 0.01–1.0 M D2EHPA (0.1 M commonly used). Phase ratios varied (A/O 1–1.5); maximum loading of 0.1 M D2EHPA: 3473 mg/L Dy and 2481 mg/L Nd. Specific reagent consumption in kg/kg REE or cost data: Not mentioned in source..,Not mentioned in source.,"Purity of isolated RE streams: Not reported as final % purity of Nd or Dy products. Raffinate had negligible Dy (0.012 g/L) and residual Nd ~5.267 g/L after CCE; overall recovery up to 88% Dy reported but purity metrics (e.g., % REE in final product) not explicitly given.",Laboratory bench-scale experiments (batch tests); each batch produced 100 mL LO; TRL: lab-scale (approx. TRL 3–4). No pilot/commercial scale reported.,Not mentioned in source.
"Solvent extraction (nonaqueous solvent extraction / solvometallurgy) using the neutral extractant Cyanex 923 was the technology studied; no ion exchange, electrochemical, or membrane technologies were experimentally investigated in this paper.",Cyanex 923 in a hydrocarbon diluent (Shell GTL GS190) with 10 vol% 1-decanol as modifier in the LP phase; PEG 200 (with controlled water content 0–40 vol%) in the MP phase with LiCl or HCl as chloride source; stripping with aqueous oxalic acid.,Neodymium (Nd(III)) and Dysprosium (Dy(III)) were the target metals; experiments used feed concentrations of 4 g L-1 and simulated leach solutions with ~12.2 g L-1 Nd and ~1.0–1.1 g L-1 Dy.,Simulated NdFeB magnet leachate prepared from rare-earth oxides (synthetic feed solutions); no experiments on real industrial magnet waste streams reported.,"Dy(III) extraction: ~71–72% under optimized conditions (synthetic oxide feed, 0.5 mol L-1 Cyanex 923) and maintained ~68% over repeated cycles; Nd(III) coextraction low (~4–6%, ~5% first cycle). Stripping/recovery efficiencies with oxalic acid >99.9% to >99.99%.","Reported Nd/Dy separation factors varied widely depending on conditions: 69 (PEG200+30–40% water, LiCl), 54 (PEG200+30–40% water, HCl), ~260 (2 M HCl, 30% water), up to >6000 (0.5 M Cyanex 923 under optimized HCl conditions); LiCl systems sometimes gave much lower factors (max ~21) and for the simulated oxide feed 42 was observed.","Extraction equilibration time: 60 min (shaker at ~21°C). Stripping time: 60 min (oxalic acid), typical contact times reported as ~1 h. Multistage process estimated as 3 extraction stages plus scrubbing and stripping stages.","Extractant concentration examples: 1.0 mol L-1 Cyanex 923 used in screening; optimized systems used 0.5 mol L-1 Cyanex 923 for simulated feed. Oxalic acid used stoichiometrically for stripping (e.g., 8.3 mmol L-1 for 0.9 g L-1 Dy in LP). Scrub HCl recommended at 2.0 M in MP scrub feed. No mass-based reagent consumption per kg REE or cost figures provided.",Not mentioned in source.,"High purity Dy recovered as oxalate then calcined to Dy2O3; stripping left LP phase with 0.13 mg L-1 Dy corresponding to >99.99% stripping efficiency, implying high purity of recovered Dy oxide after calcination. No quantitative impurity / final product purity % reported beyond this description.","Lab-scale experimental work (bench-scale batch contact experiments, separatory funnels, wrist-shaker, centrifugation). Process proposed as conceptual flow sheet for integration into hydrometallurgical flowsheets; TRL approximately 3–4 (laboratory proof-of-concept); no pilot or commercial demonstrations reported.","No specific cost data (USD/kg REE, reagent costs, or operating costs) reported. Authors note PEG 200 is commercially available at low cost, but no quantitative cost or TEA provided."
Solvent extraction (SX) is the technology studied; the paper evaluates synergistic extractant systems D2EHPA+TOPO and D2EHPA+TBP for Nd extraction from Nd(OH)3-derived concentrate.,"D2EHPA (di-2-ethylhexyl phosphoric acid), TOPO (trioctylphosphine oxide), TBP (tributyl phosphate) in kerosene diluent were used in synergistic mixtures (various % ratios).",Neodymium (Nd) is the primary target; praseodymium (Pr) and samarium (Sm) are co-targets for separation performance reported.,"Nd(OH)3-derived neodymium concentrate obtained from processed monazite sand (laboratory-prepared concentrate), not magnet manufacturing waste streams.","Reported extraction efficiencies vary by solvent composition: examples include Nd E = 31.5% (recommended condition D2EHPA-TOPO 4:6, vol. ratio 0.5:1), Nd E = 36% (D2EHPA-TOPO 0:10), Sm E = 70% (D2EHPA-TOPO 0:10), and low Nd E = 5.9% (D2EHPA-TBP 2:8).",Separation factors reported include α(Nd/Pr) up to 2.55 and α(Nd/Sm) up to 1.47 for D2EHPA-TOPO 4:6 at feed:solvent 1:0.5; other conditions gave α(Nd/Pr)=1.7 and α(Nd/Sm)=0.84 (recommended condition) and α(Nd/Pr)=0.93 for D2EHPA-TOPO 0:10 at 1:1.,Single-stage batch extraction contact time used: 30 minutes with stirring at 250 rpm.,"Experimental reagent volumes: for laboratory tests, 5 mL D2EHPA and 5 mL TOPO were added to the Nd solution (100 g/L Nd); concentrations varied (D2EHPA 0.2–0.8 M, TOPO 0.2–0.8 M). No process-scale reagent consumption rates or kg/kg REE metrics reported.",Not mentioned in source.,"Purity of final REE product is not reported; only distribution coefficients and extraction efficiencies for Nd, Pr, Sm are given (no downstream purification or final concentrate purity %).","Laboratory-scale batch experiments (Erlenmeyer/separatory funnel, room temperature). TRL: laboratory research (TRL 1–3). No pilot or commercial scale reported.",Not mentioned in source.
Solvent extraction,D2EHPA (1 M) in Isopar-L as the organic phase; Nd(NO3)3 in 0.5 M HNO3 as feed; 3 M H2SO4 used in aqueous phase; stripping with 6 M HNO3,Neodymium (Nd),Not mentioned in source.,"Extraction efficiency reported: 51.7% at pH 0.5, increasing to 82.02% at pH 1.5",Not mentioned in source.,Agitation at 300 rpm for 24 hours (batch contact),Reagent volumes/concentrations provided for experimental setup (1 g Nd in 200 mL feed; 1 M D2EHPA in Isopar-L; O/A ratio 1:1; 3 M H2SO4 aqueous phase) but no mass-based reagent consumption per kg REE cost metric provided,Not mentioned in source.,No purity of isolated Nd product reported; alloy samples with Nd contents (1–5%) mentioned but not purity of recovered REE,Laboratory batch scale (200 mL solution); TRL: lab-scale (bench),Not mentioned in source.
Solvent extraction (multistage continuous process) using mixer-settlers; pilot-plant demonstrated in 11-stage mixer-settler,"D2EHPA (di(2-ethyl-hexyl)orthophosphoric acid) as extractant; organic phase concentration ~1 M, aqueous nitric acid ~0.74 M; organic loading to 24% reported",Neodymium and promethium (fission products),Not mentioned in source.,Near theoretical separation reported in pilot demonstration (no explicit % given),Separation factors ~1.7 (Nd vs Pm context) with toluene or Amsco diluents; Kd values higher with Amsco though exact Kd numbers not provided,Not mentioned in source.,"Not mentioned in source; concentrations reported (organic phase 1 M, aqueous 0.74 M) but no mass or consumption rates provided",Not mentioned in source.,"Near theoretical separation achieved in pilot 11-stage mixer-settler, but no numerical purity (%) reported",Pilot-plant scale demonstration using an 11-stage mixer-settler (pilot; TRL ~6 by implication),Not mentioned in source.
Solvent extraction (industry-standard) is the technology studied in this paper; the authors frame solvent extraction as the most successful industrial process for REE separation.,D2EHPA and Cyanex272 were the extractants evaluated; kerosene was used as the diluent; HNO3 and NaOH were used to adjust aqueous pH.,"La, Nd, Dy, and Gd were the target rare earth metals tested.",Not mentioned in source.,Extraction efficiencies reported: Dy ~100% (with D2EHPA and with the 8:2 Cyanex272:D2EHPA mixture); Gd ~100% with D2EHPA under optimal conditions; Nd extraction efficiency ranged ~26.47% (mixture) to lower values with other extractants; La extraction efficiency ~30% with D2EHPA and ~29% with Cyanex272.,"Reported separation factors: mixture (8 mL Cyanex272 + 2 mL D2EHPA) Dy/Nd = 3640.27 and Dy/Gd = 720.05; D2EHPA Dy/La = 4267.67, La/Gd = 243.91, Gd/Nd = 31.78, Nd/La = 7.67; Cyanex272 showed the lowest separation factors overall.",Contact time used in experiments: 10 min per extraction step; stirring at 450 rpm at room temperature (298–299 K).,Extractant concentrations tested: 0.05 M identified as optimal; phase ratio A:O = 1:1 using 10 mL organic per 10 mL aqueous in batch tests. No mass-based reagent consumption or cost per kg REE reported.,Not mentioned in source.,Not mentioned in source.,Laboratory-scale batch experiments (100 mL glassware; 10 mL phases); TRL: lab-scale (bench).,Not mentioned in source.
Solvent extraction (D2EHPA + Cyanex 301),D2EHPA and Cyanex 301 as extractants; nitric acid as aqueous media; various acids used for stripping (specific acids not listed),Neodymium (Nd),Not mentioned in source.,Extraction efficiency improvement reported as a synergistic enhancement factor of 9.3 for D2EHPA+Cyanex301 (mole fraction 0.3); no explicit recovery % reported in text provided,Not mentioned in source.,Contact time was studied but specific processing times or equilibrium times are not provided in the summary. Not mentioned in source for explicit values,Not mentioned in source.,Not mentioned in source.,Not mentioned in source.,Not mentioned in source.,Not mentioned in source.
Ion exchange / resin-based extraction (D2EHPA-treated macroporous chloromethylated styrene divinyl benzene resin),D2EHPA functionalized resin; stripping agents: hydrochloric acid (HCl) and sulphuric acid (H2SO4),Neodymium (Nd) and Praseodymium (Pr),Not mentioned in source.,Not mentioned in source. The paper reports relative extraction/stripping trends (Nd > Pr extraction; Nd stripping > Pr stripping) but does not provide quantitative recovery % values in the summary provided,Not mentioned in source. The summary notes difficulty achieving ultrapure separation due to similar chemical properties but does not provide numeric separation factors,Not mentioned in source.,Not mentioned in source.,Not mentioned in source.,Not mentioned in source. The summary states achieving ultrapure REE separation with resins is difficult but does not report final purity metrics,Not mentioned in source.,Not mentioned in source.
Solvent extraction (SX) using D2EHPA as extractant.,D2EHPA extractant was used; reported recoveries: 99.5% Sm to organic phase and 80% Nd remaining in aqueous phase in a seven-stage process at A/O = 0.30.,"Light REEs: La, Ce, Pr, Nd; Medium: Sm, Eu, Gd; Heavy: Tb-Lu and Y. Performance specifically reported for Sm and Nd.",Not mentioned in source.,"99.5% Sm recovery to organic phase; 80% Nd recovery to aqueous phase in a seven-stage process at A/O = 0.30, validated at mini-pilot scale.",Not mentioned in source.,Not mentioned in source.,Not mentioned in source.,Not mentioned in source.,Not mentioned in source.,Mini-pilot scale continuous trials performed; TRL likely pilot demonstration (validated continuous trial).,Not mentioned in source.
"Solvent extraction and extraction chromatography (a solid-phase/extraction chromatography approach) were the primary technologies investigated in this paper; solvent extraction used D2EHPA in kerosene, and extraction chromatography used D2EHPA-impregnated C18 column material for REE fractionation.",Primary extractant: D2EHPA (97%) in kerosene for solvent extraction and D2EHPA impregnated on C18 for extraction chromatography. Stripping reagents: H2SO4 (1.25–2.5 M used; up to 2.5 M for improved Dy stripping) and oxalic acid (1 M used for Fe/B scrubbing). pH control with NH3OH and H2SO4; leach used CuSO4-based cementation and small H2SO4 addition to PLS.,"Target metals: Nd, Pr, Sm, Dy (primary focus); Co, Fe, B monitored as impurities.",Real NdFeB magnet waste leachate (PLS) produced by a cementation CuSO4-based leach; tests used both this real PLS and synthetic sulfate solutions mimicking loaded strip compositions.,"Solvent extraction (3 counter-current stages, 35 vol.% D2EHPA, O/A 1.5): Nd 99.9%, Dy 99.7%, Pr 92%, Sm 91.2% extracted. Stripping: Nd >80% with 1.25 M H2SO4 (A/O 0.5); Dy stripping >85% with 2.5 M H2SO4 (A/O 3) or >70% with three counter-current stages. Fe and Co remained under ~10% during stripping; oxalic acid scrubbing removed >86% Fe and >88% B in one stage.","Quantitative separation factors not reported. However, extraction and chromatographic fractionation produced clear separations: Co and impurities elute before REEs; Nd/Pr co-elute in one fraction with combined purity >98% (after chromatography), Pr partial recovery >50% in separate fraction; Dy elutes later at higher acid strengths (≥0.9–1.18 M H2SO4) indicating good HREE/LREE separation. No numeric separation factor values provided in source.",Leaching: 25 min cementation leach. Liquid-liquid stripping/scrubbing contact times ~10 min (batch lab tests). Chromatography: 50 µL injections at 1 mL/min eluate flow; fractions collected every 30 s. Equilibrium for solvent extraction achieved within four counter-current stages at pH ~1.8 (lab-scale).,Specific reagent consumption rates (kg reagent per kg REE) not provided. Reported concentrations/loads: 35 vol.% D2EHPA in organic phase; D2EHPA impregnation measured as 0.930 mmol loaded on lab chromatography column. Leach uses 356 g CuSO4·5H2O per L lixiviant and small H2SO4 addition to PLS. No mass-based reagent consumption per kg REE reported.,Not mentioned in source.,Purity: Nd+Pr fraction achieved combined purity >98% (after chromatographic separation); a Pr fraction >75% purity was observed for one fraction; Sm and Dy were recoverable in separate fractions at specified eluate concentrations. Oxalate precipitation yields near-complete REE recovery but does not separate individual REEs.,Lab-scale demonstration: bench solvent extraction in 250 mL beakers and lab HPLC-scale extraction chromatography using a 4.6×150 mm D2EHPA-impregnated column. Authors position approach as scalable and industrially relevant but provide no pilot/commercial TRL; TRL likely lab/pilot (TRL 3-4) based on presented experiments.,Not mentioned in source. No cost or USD/kg REE figures reported; authors state data available on request.
Solvent extraction (split-anion approach using ionic liquids combined with neutral extractants),"Ionic liquids: trihexyl(tetradecyl)phosphonium thiocyanate or nitrate ([C101][SCN], [C101][NO3]); Neutral extractants: Cyanex 923, TBP; Stripping/scrubbing agents: water, CaCl2 (1.0 M), oxalic acid for precipitation",Neodymium (Nd(III)) and Dysprosium (Dy(III)),"Synthetic chloride solutions mimicking NdFeB magnet composition (64 g L-1 Nd, 14 g L-1 Dy); real magnet waste or impurity-containing streams not tested in this study","Reported extraction/stripping efficiencies: Nd stripping up to 99.6% (for [C101][NO3] aqueous contact). Example low extraction: Cyanex 923 in toluene gave 6.4% Dy, 0.5% Nd extraction (not optimized). General batch/continuous extraction percent E and distribution ratios reported in tables (specific values not quoted here) and recycling showed no loss after 3 cycles.",Separation factors reported: up to a = 8.3 with 40 wt% Cyanex 923 in [C101][SCN]; up to a = 9.7 using 2.5 M CaCl2 as aqueous modifier; undiluted [A336][NO3] gave best separation factors in nitrate systems,"Equilibrium in batch tests ~20 minutes. In continuous mixer-settler demonstration, extraction and stripping runs equilibrated over longer durations (10 h extraction, 16 h stripping for the experiments reported).",Not mentioned in source.,Not mentioned in source.,Purity metrics not directly reported as % REE purity. Authors note co-extraction of Nd requiring scrubbing to improve Dy purity; Nd stripping efficiency up to 99.6% reported for Nd recovery from ionic liquid.,"Lab-to-bench continuous demo: mixer-settler units (mixers 0.12 L, settlers 0.48 L); TRL: bench-scale continuous demonstration (approx. TRL 4-5). Full plant flowsheet not tested",Not mentioned in source.
Solvent extraction (liquid-liquid extraction) using D2EHPA diluted in kerosene was studied; feed was Nd and Y in 1 M HNO3.,D2EHPA (di-2-ethyl-hexyl-phosphate) 0.30 M in kerosene as organic phase; aqueous feed in 1 M HNO3.,Neodymium (Nd) and Yttrium (Y).,Not mentioned in source.,Y extraction efficiency: 93%. Nd extraction efficiency: Not mentioned in source.,Successful separation of Y from Nd was reported using 0.30 M D2EHPA; quantitative separation factors not provided in source.,Mixing/contact time: 25 minutes (mechanical shaking). Additional processing time for phase separation not specified.,Not mentioned in source.,Not mentioned in source.,Not mentioned in source.,"Laboratory-scale experimental study (equilibrium experiments); TRL: lab research (TRL 1-3) implied, no pilot/commercial scale reported.",Not mentioned in source.
Solvent extraction (magnetic-assisted solvent extraction) using PC88A (HEHEHP) in paraffin oil; study focuses on Dy(III) and other RE(III)s using a Dy(III)-PC88A-HCl system,"PC88A (mono-2-ethylhexyl phosphonate, HEHEHP) in paraffin oil as extractant; aqueous phase: DyCl3 in 0.1 M HCl. Ligand concentrations varied 0.25–1 M (PC88A) and experiments up to 2 M for some REs","Dysprosium (Dy(III)) primarily; also tested Sm(III), Ho(III), Er(III) — generalizable to heavy REs",Not mentioned in source.,Not mentioned in source.,Not mentioned quantitatively in source; authors state separation factors need to be quantified in future work and hypothesize improved selectivity for more magnetic REs but no numerical separation factors provided,Kinetic observations reported: transient dynamics with symmetry breaking over ~80 s and quasi-steady state by ~160 s in lab-scale droplet experiments; no full process throughput times or stage counts provided,"Not reported as per mass or kg/kg REE; only extractant concentrations used in experiments (0.25–1 M, up to 2 M for some heavy RE tests) are provided",Not mentioned in source.,Not mentioned in source.,"Lab-scale (Hele-Shaw cell cuvettes, single organic droplets ~4–5 mm diameter); TRL: laboratory proof-of-concept; no pilot/commercial scale reported",Not mentioned in source.
Non-aqueous solvent extraction (NASX) using neutral extractant P350.,Extractant: P350 at 0.2 mol/L; solvent phase uses PEG 200 (70 vol%); stripping reagents: 0.04 mol/L HCl for Nd and 0.4 mol/L HCl for Dy.,Nd(III) and Dy(III).,"Simulated NdFeB magnetic immersion/leach solution (laboratory simulation), not reported as real industrial waste stream testing.",Extraction: Dy(III) extraction efficiency up to 85% with only ~6% co-extraction of Nd(III). Stripping: 97.11% Nd and 98.5% Dy recovered from loaded organic phase by sequential HCl stripping.,Reported separation factors: βNd/Dy = 201 under 70 vol% PEG200 with 0.2 M P350; in simulated immersion solution βDy/Nd = 83.4 (high selectivity).,Equilibration time investigated but specific equilibration time not provided in summary; process design indicates 3 counter-current SX stages required to completely extract Dy(III).,"Concentrations of extractant and strip reagents reported (0.2 M P350; 0.04 M and 0.4 M HCl), but no mass-based reagent consumption or kg/kg REE data provided.",Not mentioned in source.,"High selectivity with low co-extraction suggests high purity streams: Dy extracted with 85% and only 6% Nd co-extraction in simulation; sequential stripping recovered >97% of each element, indicating potential for high-purity separated streams though exact final product purities not quantified.",Laboratory-scale study with proposed process; TRL not stated and no pilot/commercial scale demonstrated in the source.,"Authors claim the approach could be a 'low-cost alternative', but no quantitative cost data (USD/kg REE) or cost analysis provided."
Not mentioned in source.,"Organophosphorus extractants: D2EHPA (D2EPHA in text), PC88A, CYANEX 272, CYANEX 301.","Praseodymium (Pr) and neodymium (Nd), cerium (Ce), lanthanum (La) tested; focus on lighter lanthanides with Pr highest extraction and Nd lower extraction.",Not mentioned in source.,Not mentioned in source.,"Qualitative separation performance: D2EHPA and PC88A showed poor separation of REE ions <citations>0>, CYANEX 301 achieved some separation but with lower extraction efficiencies <citations>1>, CYANEX 272 gave medium extraction efficiency but lower separation ability <citations>2>.",Not mentioned in source.,Not mentioned in source.,Not mentioned in source.,Not mentioned in source.,Not mentioned in source.,Not mentioned in source.
Solvent extraction (TODGA-based),"Extractant: TODGA (tetraoctyl-diglycolamide), used at 0.01–0.4 M; Diluents: Solvent 70 (C11–C14 hydrocarbons), hexane, toluene, cyclohexanone, 1-octanol; Stripping reagents: MQ water, 0.01 M HNO3, 0.1 M HNO3; Aqueous leachant: HNO3 (3 M leachate from NdFeB; also aqua regia for total dissolution)","Nd, Dy, Pr (primary targets)",Real NdFeB magnet leachate produced by leaching hydrogen-decrepitated NdFeB powder in 3–4 M HNO3 (leachate at ~4000 mg L-1 total dissolved solids),REE recovery during stripping: ~98–100% using MQ water (one-step stripping),Separation: Highest Dy vs Nd/Pr separation factors achieved with 0.01 M TODGA in Solvent 70; REEs co-extracted as a group at 0.1 M TODGA in all diluents. Specific numeric separation factor values: Not mentioned in source.,Extraction equilibrium achieved within 50 min (laboratory shaking at 1750 vibrations/min); stripping contact time used 20 min (manual shaking),Reagent concentrations reported (TODGA 0.01–0.4 M); reported loading capacity example: 0.1 M TODGA–n-dodecane loading capacity = 0.008 M Nd(III) (from literature),Not mentioned in source.,"High selectivity for REEs vs non-REEs (Fe, B, Al) — non-REE distribution ratios <0.1 in most diluents (except cyclohexanone up to 0.5 for B and Al); suggests high purity REE strip (>not quantified)","Laboratory bench-scale experiments (mL scale, 3.5 mL vials); TRL: lab-scale research (TRL 3–4).",Not mentioned in source.
Solvent extraction (use of a synthesized unsymmetrical pentanediamide extractant DMDDOPDA),"DMDDOPDA (N,N'-dimethyl-N,N'-didecyl-3-oxapentanediamide) used as extractant; HNO3 and HCl aqueous media compared; four diluents investigated for organic phase formation",Dysprosium (Dy(III)) and Neodymium (Nd(III)),Not mentioned in source.,"Extraction efficiencies: Dy 99.9% and Nd 99.5% under optimal conditions; Stripping efficiencies: Dy 100%, Nd 85.3%",Not mentioned in source.,Not mentioned in source.,Not mentioned in source.,Not mentioned in source.,Not mentioned in source.,Not mentioned in source.,Not mentioned in source.
"Solvent extraction (binary mixtures of D2EHPA with Cyanex272, TOPO, TBP) using kerosene as diluent; O/A=1, T=25°C, contact time 10 minutes.","D2EHPA combined with Cyanex272, TOPO, TBP; kerosene diluent; hydrochloric acid aqueous phase; scrubbing used aqueous Nd solution (251 mg/L).","La(III), Pr(III), Nd(III).",Not mentioned in source.,"Single-stage extraction: Pr 90.5%, Nd 91.3%. Two-stage extraction: Nd 97.5%, Pr 96.9%, La 28.3%. Scrubbing of La from loaded organic using 251 mg/L Nd aqueous gave 85% scrubbing efficiency.","β(Nd+Pr)/La = 14.4 under optimal conditions (D2EHPA:Cyanex272 = 0.5, pH=4.4).",Phase contact time 10 minutes; experiments at 25°C.,Not mentioned in source.,Not mentioned in source.,Not mentioned in source.,Not mentioned in source.,Not mentioned in source.
Solvent extraction using a hydrophobic deep eutectic solvent (HDES) based on BTMPPA/phenol.,"BTMPPA (di(2,4,4-trimethylpentyl)phosphinic acid) and phenol in a 1:3 molar ratio forming a hydrophobic deep eutectic solvent (HDES).",Neodymium (Nd(III)).,Nitrate aqueous solutions containing Nd(III) (laboratory nitrate solution); authors state applicability to leachates from spent magnetic materials but experiments used synthetic nitrate solution.,Not mentioned in source.,Not mentioned in source.,Not mentioned in source.,Not mentioned in source.,Not mentioned in source.,Not mentioned in source.,"Laboratory-scale batch experiments (centrifuge tubes, shaker) — TRL: laboratory research. Authors suggest applicability to leachates from spent magnets.",Not mentioned in source.
Acid leaching / precipitation (chelator-assisted aqueous precipitation),"G-macropa (chelating agent), bicarbonate (HCO3-) for precipitation, and HCl for G-macropa recovery/regeneration",Neodymium (Nd3+) and Dysprosium (Dy3+),Authentic magnet waste (tested for Nd3+:Dy3+ ratio 95:5),"Recovery efficiency % not explicitly stated in source; separation factors reported as 841 and 741 for 50:50 and 75:25 Nd:Dy mixtures, indicating high selective separation but no percent recovery given",Separation factors (Dy/Nd) reported as 841 for 50:50 and 741 for 75:25 mixtures; method precipitates Dy as Dy2(CO3)3 while Nd remains complexed with G-macropa,Not mentioned in source.,Quantitative reagent consumption not reported; G-macropa is recyclable via HCl crystallization but no consumption rates given,Not mentioned in source.,"Purity of separated fractions not given as %; described as selective precipitation of Dy leaving Nd-G-macropa in solution, implying high separation purity but no numerical purity reported",Lab-scale demonstration with tests on authentic magnet waste; TRL not stated (likely lab-scale research),Not mentioned in source.
Solvent extraction and organic ligand-based selective precipitation are discussed as incumbent chemical methods; the paper's demonstrated technology is a precipitation-based laminar co-flow (LCM) aqueous selective precipitation method for Nd/Dy separation.,"Sodium dibutyl phosphate (NaDBP), prepared from dibutyl phosphate (HDBP) and NaOH, is the reactant/extractant used for selective precipitation in aqueous solution.",Neodymium (Nd) and Dysprosium (Dy) are the target metals investigated in this study.,"Not tested on actual magnet waste in this study; experiments used aqueous solutions of NdCl3 and DyCl3 as model feeds, with applicability to NdFeB leachates suggested but not demonstrated.",Dy purity in precipitate: up to 99.9% for 50:50 and 30:70 Nd:Dy feeds; 100% from one column at 21 h; for 20% Dy feed LCM achieved 95.8% in 4 h and 97.6% in 30 h. LCM reaches 95% Dy purity in 4 h vs 30 h for bulk mixing (BMM).,Not mentioned in source.,Processing times reported: experiments used injection times from 45 min to 30 h; key benchmarks: 95% Dy purity achieved in 4 h (LCM) vs 30 h (BMM); 100% purity achieved in one column at 21 h.,NaDBP used at concentrations ranging from 1.2 mM to 120 mM in experiments; selective precipitation experiments used 1.2 mM NaDBP with 4 mM NdCl3 and varying DyCl3. No mass or reagent consumption per kg REE or costs provided.,Not mentioned in source.,Dy purity up to 99.9% (50:50 and 30:70 feeds) and 100% in a column after 21 h; 95.8% achieved from 20% Dy feed in 4 h.,"Lab-scale microfluidic devices with channel volumes 0.02–0.49 mL; experiments increased output (e.g., 0.76 mg dried sample in LCM for 4 h, 20% Dy feed). TRL: lab-scale, not demonstrated on real feedstocks; scalability not yet established.",Not mentioned in source.
Not mentioned in source.,Not mentioned in source.,Not mentioned in source.,Not mentioned in source.,Not mentioned in source.,Not mentioned in source.,Not mentioned in source.,Not mentioned in source.,Not mentioned in source.,Not mentioned in source.,Not mentioned in source.,Not mentioned in source.
Solvent extraction (studied: Aliquat 336/toluene and Cyanex 272/kerosene),Aliquat 336 (A336) in toluene and Cyanex 272 (C272) in kerosene; ammonium nitrate in aqueous phase for A336 system; HCl used for stripping,Praseodymium (Pr) and Neodymium (Nd),"Model NdFeB magnet-leaching solution (synthetic model leachate, Pr 200 ppm, Nd 400 ppm)","System I (A336/toluene): Pr 74.8%, Nd 61.2%; System II (C272/kerosene): Pr 48.9%, Nd 59.3%. Stripping nearly complete with 0.1 M HCl in 5 min",Pr/Nd separation factor: System I = 2.10; System II = 1.54,Extraction equilibrium times: A336/toluene ~20 min (practical contact time used 30 min); C272/kerosene ~10 min (practical contact time used 15 min). Stripping equilibrium in 5 min with 0.1 M HCl,Not mentioned in source.,Not mentioned in source.,Not mentioned in source.,Laboratory-scale study on model leachate (batch separatory funnel experiments); TRL: lab research (no pilot/commercial scale reported),Not mentioned in source.
Membrane/adsorption - magnetic nanosorbent adsorption (DTPA-functionalized magnetic nanoparticles); adsorption kinetics fit pseudo-second-order model; selective sorption producing heavy/light lanthanide separation factor up to 11.5 at pH 2.0 in 30 min.,DTPA-functionalized magnetic nanosorbents (dMNP-DTPA) used as extractant/adsorbent.,"Light lanthanides: La-Nd; Heavy lanthanides: Sm-Ho; specific examples include Gd, Dy mentioned in pair SFs.",Not mentioned in source.,Not mentioned in source. The paper reports effective sorption in 30 min at pH 2.0 but does not provide explicit recovery efficiency (%) values in the provided summary.,SF (heavy-Ln / light-Ln) up to 11.5 at pH 2.0 in 30 min; Gd/La and Dy/La pairs reported SFs up to ~10x higher than other studies.,30 minutes to reach effective sorption/equilibrium under reported conditions (pH 2.0).,Not mentioned in source.,Not mentioned in source.,Not mentioned in source.,Lab-scale aqueous-solution experiments (academic study). Full text not available in input so TRL/scale not specified beyond laboratory testing 'from aqueous solutions'.,Not mentioned in source.
Solvent extraction (D2EHPA in kerosene),D2EHPA (di(2-ethylhexyl)phosphoric acid) in kerosene organic phase,Neodymium (Nd(III)) and Samarium (Sm(III)),Not mentioned in source.,Not mentioned in source.,Separation factor expressed as α = 4.4[H2A2] - 0.36 (relation with extractant concentration),Not mentioned in source.,Not mentioned in source.,Not mentioned in source.,Not mentioned in source.,Not mentioned in source.,Not mentioned in source.
Solvent extraction (study of Nd extraction using individual and mixed organophosphorus and amine extractants),"PC88A, D2EHPA, Cyanex 272, Versatic acid 10, TBP, TOPO, Alamine-304-1, Alamine-308, Alamine-336; studied both individually and as mixtures (e.g., D2EHPA+TBP, PC88A+Alamine-336). Extraction % increased with equilibrium pH and extractant concentration; TBP reduced extraction when mixed with D2EHPA",Neodymium (Nd),Not mentioned in source.,"Extraction percentage trends reported (increased with pH and extractant concentration; PC88A+Alamine-336 gave higher extraction than PC88A+TBP), but specific numerical recovery % values are Not mentioned in source.",Not mentioned in source.,Not mentioned in source.,Not mentioned in source.,Not mentioned in source.,Not mentioned in source.,Not mentioned in source.,Not mentioned in source.
Solvent extraction (acidic organophosphorus extractant D2EHPA),D2EHPA (di(2-ethylhexyl) phosphoric acid),Europium (Eu(III)) and Dysprosium (Dy(III)),Not mentioned in source.,Not mentioned in source.,Reported separation factor α_Dy/Eu = 21.28·[(H2A2) ]^0.28 (as given),Not mentioned in source.,Not mentioned in source.,Not mentioned in source.,Not mentioned in source.,Not mentioned in source.,Not mentioned in source.
Solvent extraction (mixed extractants: D2EHPA + HEHEHP),D2EHPA and HEHEHP in sulfuric acid medium,Neodymium (Nd) and Samarium (Sm),Not mentioned in source.,Not mentioned in source.,Separation coefficient for Sm/Nd reported; distribution ratios and synergistic coefficients determined (specific numeric values not provided in summary),Not mentioned in source.,Not mentioned in source.,Not mentioned in source.,Not mentioned in source.,Not mentioned in source.,Not mentioned in source.
Solvent extraction (synergistic extraction using D2EHPA + HEHEHP),D2EHPA and HEHEHP in sulfuric acid medium,Nd(III) and Sm(III),Not mentioned in source.,Not mentioned in source.,"Synergistic improvement in extraction/separation reported, but no quantitative separation factors given in text",Not mentioned in source.,Not mentioned in source.,Not mentioned in source.,Not mentioned in source.,Not mentioned in source.,Not mentioned in source.
Solvent extraction (D2EHPA + Cyanex 272 + lactic acid).,"D2EHPA, Cyanex 272, lactic acid; Cyanex272 to D2EHPA volume ratio was investigated.",Neodymium (Nd) and Lanthanum (La).,Not mentioned in source.,"Maximum extraction efficiency: Nd ~74.43%, La ~22.83%.",Not mentioned in source.,"Extraction time was a variable investigated, but specific processing times are not reported in the summary.",Not mentioned in source.,Not mentioned in source.,Not mentioned in source.,Not mentioned in source.,Not mentioned in source.
Solvent extraction using an ionic liquid (liquidliquid extraction).,Ionic liquid: trihexyl(tetradecyl)phosphonium nitrate (from Cyphos® IL 101). Complexing agent: EDTA. Leachant: HNO3 (nitric acid). Precipitant: oxalic acid..,"Neodymium (Nd), Dysprosium (Dy), and Cobalt (Co).",Leachate from end-of-life NdFeB permanent magnets (iron-free nitric acid leachate).,"Specific overall recovery efficiencies (%) not reported. Purity of final oxides reported: Nd2O3 99.6%, Dy2O3 99.8%, CoO 99.8%. The paper states efficient separation but does not give explicit % recovery values..",No numerical separation factors provided. The paper reports successful/separate separation of Nd and Dy using EDTA but does not list separation factor values..,Processing times or stage times not specified; only that shaking time was optimized..,Not mentioned in source.,Not mentioned in source.,Nd2O3: 99.6%; Dy2O3: 99.8%; CoO: 99.8%.,Lab-scale study; TRL not explicitly stated. Ionic liquid recyclability demonstrated at lab scale..,Not mentioned in source.
Solvent extraction using PC88A and D2EHPA to separate Nd and Pr from chloride solutions.,PC88A and D2EHPA (including saponified D2EHPA); chloride aqueous solutions as feed; varying extractant-to-metal concentration ratios effect noted.,Nd and Pr (neodymium and praseodymium).,Not mentioned in source.,Not mentioned in source.,Distribution coefficients indicate higher extraction of Nd vs Pr; separation factor affected little by pH and saponification degree in saponified D2EHPA system.,Not mentioned in source.,Not mentioned in source.,Not mentioned in source.,Not mentioned in source.,Not mentioned in source.,Not mentioned in source.
Not mentioned in source.,D2EHPA (di-(2-ethylhexyl) phosphoric acid) and tributyl phosphate (TBP) mixtures were used for extraction.,Neodymium (Nd) was the target metal.,Not mentioned in source.,Not mentioned in source.,Not mentioned in source.,Not mentioned in source.,Not mentioned in source.,Not mentioned in source.,Not mentioned in source.,Not mentioned in source.,Not mentioned in source.
"Solvent extraction using fatty acids (hexanoic, octanoic, 2-ethylhexanoic, decanoic, dodecanoic, tetradecanoic, hexadecanoic, octadecanoic, oleic acid) in kerosene diluent.",Fatty acids listed above; specifically 1.5 M octanoic acid achieved highest separation factor of 49.,Praseodymium (Pr) and Dysprosium (Dy).,Not mentioned in source.,Not mentioned in source.,Separation factor Pr/Dy up to 49 using 1.5 M octanoic acid; extractive behavior characterized by pH0.5 for Dy (4.93–5.94) and Pr (4.24–5.34).,Not mentioned in source.,Not mentioned in source.,Not mentioned in source.,Not mentioned in source.,Not mentioned in source.,Not mentioned in source.
Solvent-based leaching using a deep eutectic solvent (DES: TEAC-LA) for selective leaching of REEs from NdFeB waste (solvent extraction/leaching category),TEAC-LA (tetraethylammonium chloride + levulinic acid) deep eutectic solvent; Nd2O3 solubility >75.6 g/L in the DES,Neodymium (Nd) is the primary target; Fe is present in low leaching (<0.435%) indicating selectivity for REEs and product purified to Nd2O3 (99.649%),NdFeB waste (magnet waste),Nd leaching ratio up to 97.63%,Separation factor (REE vs Fe) can exceed 9000; Fe co-leaching <0.435% supporting very high selectivity,Not mentioned in source.,Not mentioned in source.,No explicit energy consumption data provided; thermal stability up to 132.4 °C and working viscosity 12.8 cP are reported but energy per kg REE is not mentioned,Nd2O3 purity 99.649%,Not mentioned in source.,Not mentioned in source.
Solvent extraction (liquid-liquid) using an undiluted non-fluorinated ionic liquid (trihexyl(tetradecyl)phosphonium nitrate) applied to iron-free nitric acid leachates from roasted NdFeB magnets; also includes scrubbing/stripping and precipitation steps to produce oxides,Trihexyl(tetradecyl)phosphonium nitrate ionic liquid as extractant; ammonia nitrate (NH4NO3) as salting-out complexing agent; Na2EDTA for selective stripping of Dy; oxalic acid for precipitation; HNO3 for leaching,"Neodymium (Nd), Dysprosium (Dy) and Cobalt (Co) targeted",Iron-free nitric acid leachates from roasted NdFeB magnets; experiments also performed on synthetic solutions mimicking roasted magnet leachates,"Extraction efficiencies reported: Nd 80.5% and Dy 76.4% at very high feed concentrations; when diluted 2x: Dy 96.9% and Nd 94.6%. Back-extraction (scrubbing) left Nd and Dy at 0.38% and 0.35% in organic phase under optimum scrubbing. Selective EDTA stripping of Dy achieved 58.9% (single step) and up to ~79.8% at 70°C; Nd stripping low (~2.3–4.0%) during selective stripping. Final oxide purities: CoO 99.8% (yield 99.4%), Nd2O3 99.6% (yield 99.3%), Dy2O3 99.8% (yield 99.1%)",Separation factors reported: alpha_Nd/Co = 590 and alpha_Dy/Co = 500 (for diluted synthetic feed),"Extraction: 60 min at 60–70°C (optimal 60–70°C, 1900 rpm). Scrubbing: 90 min at 80°C. Selective EDTA stripping: 30–60 min (30 min sufficient for EDTA complexation; 1 h used in some stripping steps)","Reagent specifics: 10 M NH4NO3 used for extraction/scrubbing; Na2EDTA 0.03 M for selective Dy stripping; oxalic acid stoichiometric amounts for precipitation; ionic liquid loading examples: organic phase containing ~58.1 g/L Nd and 5.5 g/L Dy; feed concentrations up to ~248.5 g/L Nd, 21.4 g/L Dy in synthetic solution. No mass-based reagent consumption per kg REE or cost data reported in source.",Not mentioned in source.,"Final oxide purities: Nd2O3 99.6%, Dy2O3 99.8%, CoO 99.8% as measured by TXRF","Laboratory-scale experiments (4 mL vials, bench-top shaker). Recycling tested for at least three cycles. TRL: lab-scale / bench demonstration. No pilot/commercial scale reported","No explicit cost or USD/kg REE figures provided. Authors note phosphonium nitrate ionic liquids are relatively inexpensive and produced at large scale, but no quantitative cost data disclosed in source."
Solvent extraction (D2EHPA-based) applied to sulfuric leachate from NdFeB magnet waste; primary technology studied in this paper.,"D2EHPA (0.3, 0.6, 0.9, 1.2 M) in various diluents (Solvent 70, hexane, octane, toluene, cyclohexanone, chloroform, 1-octanol); stripping reagent: HCl (0.5–3 M).","Nd, Dy, Pr, Gd primarily; Co and B measured as contaminants but not extracted significantly.",Real magnet waste: sulfuric acid leachate from selectively roasted NdFeB magnet scrap (real leachate).,Extraction to organic phase: 100% transfer of REEs at 0.9–1.2 M D2EHPA in hexane/octane. Stripping: 100% at ≥2 M HCl.,Separation factors: highest Dy/Nd achieved with 0.3 M D2EHPA in hexane (specific numerical factors reported in Table 2 in paper; qualitatively ~99% HREE vs ~50% LREE extraction under those conditions). Typical adjacent-REE separation factor with D2EHPA ~2.5 reported in literature.,"Extraction kinetics: equilibrium reached within ~3 min (most diluents) or ~5 min (cyclohexanone, 1-octanol) in 3.5 mL batch tests; stripping contact performed for 5 min.",Reagent concentrations reported: D2EHPA at 0.3–1.2 M in diluents; HCl for stripping 0.5–3 M. Paper does not report reagent consumption per kg REE or stage-wise reagent mass usage (Not mentioned in source)..,Not mentioned in source.,"Paper cites that solvent extraction can achieve up to 99.99% purity (general literature), but does not report final product purity achieved from these specific experiments (Not mentioned in source for experimental purity).",Scale/TRL: laboratory bench-scale batch experiments in 3.5 mL vials; TRL ~3 (lab-scale). No pilot/commercial deployment reported.,Not mentioned in source.
"Precipitation-based lanthanide separation using macrocyclic DO3A-type chelators (aqueous selective precipitation). Comparable to solvent extraction in selectivity but aqueous, scalable; technology type: precipitation-based chelation separations.","Macrocyclic DO3A-type chelators (e.g., L3) as primary reagent; coordinating additives such as acetate, α-HIBA, glycolate, lactate used to tune separations; digestion used 65% HNO3 and ammonium oxalate for oxalate precipitation of Lns.","Target metals: lanthanides present in NdFeB magnets—primarily Nd, Pr, Dy, Tb, Ho (also Sm not specifically highlighted); focus on Nd/Dy, Pr/Nd, Tb/Dy, Tb/Ho separations.","Feedstock tested: NdFeB magnet material from electric car motors (digested in 65% HNO3 to produce Ln chloride feed); not tested on leachates like grinding coolant or electroplating effluent—i.e., solid magnet scrap processed to chloride/oxalate intermediates.",67% recovery of Nd in the demonstrated case study; purity of Nd product reached 99.7% after five rounds of precipitation.,"Nd/Dy separation factor approximately 40 achievable in single round under optimized additive conditions (e.g., α-HIBA or acetate); single-round SFs comparable to industrial solvent extraction.","Kinetics: some chelates (L3) achieve 90% precipitation within 15 minutes; effective separations (e.g., Nd/Dy SF≈42) achieved within ~3 hours; reactions typically stirred overnight for some experiments but key separations occur within hours.",Reagent consumption: chelator L3 used stoichiometrically with Ln3+ (1:1) in reprecipitations (no replenishment required); coordinating additives used in multiple equivalents—acetate optimal at ~10 equivalents; α-HIBA effective near stoichiometric ratios. Exact mass or kg/kg REE not provided in source.,Not mentioned in source.,Final Nd product purity achieved: 99.7% (case study after five rounds).,Scale/TRL: laboratory-scale demonstration including a case study processing a single automotive magnet; authors describe system as scalable but provide no pilot or commercial demonstration—TRL: lab-scale (approx. TRL 3-4). Specific volumes (mL/L) not provided in main text.,"No quantitative cost data or USD/kg REE provided. Authors note acetate is low-cost and chelator is recoverable (stoichiometric use, recovered via UF and oxalate precipitation), suggesting potential cost benefits, but no TEA numbers are given in source."
Ionic liquid-based thermomorphic leaching/extraction system (combined leaching and extraction),[Hbet][Tf2N] ionic liquid (betainium bis(trifluoromethylsulfonyl)imide); oxalic acid for stripping/precipitation; Na2SO4 for salting-out to recover ionic liquid; NaNO3 (1 M) as salting agent to improve Nd/Dy/Co transfer to aqueous phase; aqueous ammonia for cobalt removal; roasting (microwave or oven) as pre-treatment.,"Neodymium (Nd), Dysprosium (Dy), Cobalt (Co); iron (Fe) is matrix to separate from. Final products Nd2O3 and Dy2O3.",Roasted NdFeB magnet powders (lab-prepared from demagnetized NdFeB magnets); not industrial waste streams like grinding coolant or electroplating effluent—tested on roasted magnet scrap/powder.,Overall REE recovery >99% (authors report >99% recovery); oxalate stripping can achieve ~100% stripping of REE/Co from aqueous phase.,"High Nd/Fe and Dy/Fe separation factors reported qualitatively; specific numeric separation factor values are shown in figures (e.g., Fig. 15) but exact numeric values are Not mentioned in source text excerpt.","Leaching: 48-72 hours for complete REE leaching (dependent on particle size and conditions); Stripping (oxalic acid precipitation): ~10 minutes at room temperature; microwave roasting is faster than oven roasting (roasting oven: 950°C, 3–15 h).","Oxalic acid: stoichiometric amounts for stripping (i.e., ~1:1 equivalents to REE/Co to precipitate as oxalates); NaNO3 used at 1 M in aqueous phase to enhance distribution; Na2SO4 used for salting-out (quantity to reduce ionic liquid loss to <0.15 wt% — reported at 3 M Na2SO4 tests). No mass-specific reagent consumption (kg/kg REE) reported in text.",Not mentioned in source.,REE product purity >99.9 wt% (final oxides after calcination reported >99.9%).,Lab-scale proof-of-concept (batch experiments in 4 mL vials; roasted magnet powders). TRL: lab-scale (likely TRL 3-4). No pilot or industrial demonstration reported in source.,Not mentioned in source.
Solvent extraction and extraction chromatography (solid-phase extraction chromatography) were the primary technologies investigated in this study.,Primary extractant: D2EHPA (97%) in kerosene for solvent extraction and impregnation of chromatographic column; strip reagents: H2SO4 (1.25–2.5 M used for stripping and gradient elution) and oxalic acid (1 M used for scrubbing Fe and B). Lixiviant for cementation leach: CuSO4-based solution (356 g CuSO4·5H2O per L) with 25 min leach time.,"Nd, Pr, Sm, Dy (primary targets).",Real NdFeB magnet waste leachate (pregnant leach solution produced by a cementation leach of ground NdFeB scrap; PLS contains ~62.9 g/L Fe and 20.5 g/L Nd in reported average).,"Solvent extraction: three counter-current stages with 35 vol.% D2EHPA and O/A 1.5 achieved 99.9% Nd, 99.7% Dy, 92% Pr, 91.2% Sm extraction. Stripping: >80% Nd stripping with 1.25 M H2SO4 at A/O 0.5; Dy stripping improved to >85% with 2.5 M H2SO4 A/O 3 or >70% with three counter-current stages. Chromatography fractions: >50% Pr in one fraction, remaining Pr recovered with >92% Nd; combined Nd+Pr purity >98%.","Specific numerical separation factors not provided. Reported performance: chromatographic gradient elution enabled separation of Nd/Pr from Sm and Dy into distinct fractions; Sm elutes at >0.4 M H2SO4 and Dy at >0.9 M H2SO4. Co-extraction of impurities limited (Fe 7%, B 4%, Co 2%) under optimized solvent-extraction conditions. No explicit separation factor ratios (e.g., Nd/Fe) reported in source.","Leaching: 25 min cementation leach. Solvent extraction/stripping: lab-scale mixing with 10 min contact for stripping/scrubbing stages. Chromatography: 50 µL injections at 1 mL/min eluate, fractions collected every 30 s. No overall plant throughput or continuous processing time reported.",Specific reagent consumption metrics per kg REE not provided. Reported reagent usages: organic phase containing 35 vol.% D2EHPA; column impregnation loaded 0.930 mmol D2EHPA; stripping used 1.25–2.5 M H2SO4 and 1 M oxalic acid for scrubbing. No mass-based reagent consumption (kg reagent/kg REE) reported in source.,Not mentioned in source.,Chromatography achieved combined Nd+Pr purity >98% in one fraction; one Pr fraction purity >75%; chromatographic separation can ensure Sm content below 0.01% in Nd fraction. No final oxide purity numbers reported post-precipitation/calcinaton.,Lab-scale experiments: solvent-extraction in 250 mL beakers and small-scale chromatographic columns with 50 µL injections. TRL: lab-scale (likely TRL 3-4). No pilot or commercial deployment reported.,Not mentioned in source.
Solvent extraction (using ionic liquid [A336][SCN] and organophosphorous extractants Cyanex 923 and D2EHPA) and acid leaching with deep-eutectic solvent (DES choline chloride:lactic acid) were used to dissolve and separate REEs from NdFeB magnets,"DES: choline chloride:lactic acid (1:2) for leaching; Extractants: [A336][SCN] (Aliquat 336 thiocyanate) 0.9 M in toluene for Fe/Co/B removal; Cyanex 923 0.9 M in toluene and D2EHPA 0.9 M in toluene tested for Nd/Dy separation. Stripping reagents: HCl (B), EDTA (Fe, Co), water (Dy), oxalic acid (Nd precipitation)","Nd, Dy, Fe, Co, B targeted; final oxides Nd2O3 and Dy2O3 recovered",Roasted and non-roasted NdFeB magnet powders (lab-scale prepared leachates from actual magnet samples) were tested; leaching in DES at 70°C (typically 12–24 h),"Specific overall recovery % values for each metal are not reported explicitly for leaching/extraction in the source; Nd and Dy oxide purities reported: Nd2O3 99.87%, Dy2O3 99.94%",Separation factors (Dy/Nd and REE/Fe etc.) are reported in tables in the paper but specific numeric SFs are not quoted in the provided text. Paper states D2EHPA gives higher D but similar SF to Cyanex 923; overall DES-based extraction yields higher SFs than aqueous systems,Leaching: typically 12–24 h at 70°C. Solvent extraction: equilibration times 5–20 min (20 min used for many batch tests; 15 min chosen for Nd/Dy extraction). Stripping: 60 min typical; precipitation/oxalate precipitation ~25–30 min,"Concentrations used: 0.9 M extractants ([A336][SCN], Cyanex 923, D2EHPA in toluene); stoichiometric oxalic acid for Nd precipitation. No explicit reagent mass per kg REE or consumption cost data reported",Not mentioned in source.,Nd2O3 purity 99.87%; Dy2O3 purity 99.94% after precipitation and calcination,"Bench-scale pilot demonstration using mixer-settlers (5 stages, 120 mL units), demonstrating scale-up feasibility; TRL ~4–5 (lab to bench-scale demonstrated)",Not mentioned in source.
"Acid leaching (HCl, HNO3) followed by solvent extraction using an ionic liquid (trihexyl(tetradecyl)phosphonium chloride) and oxalate precipitation.","HCl, HNO3 for leaching; trihexyl(tetradecyl)phosphonium chloride (Cyphos IL 101) as solvent extraction ionic liquid; oxalic acid for precipitation. NH4Cl or CaCl2 used as salting-out/ matrix; water, air; minimal other chemicals.","Nd and Dy (primary), also Pr included in Ln sum; Co and Fe considered as impurities to separate.",Not mentioned in source.,Leaching: Nd and Dy >90% under sufficient acid equivalents (n(HCl)/n(Ln) ≥ ~3.5). Precipitation: Nd precipitation ~100% at n(oxalic)/n(Nd)=1.5 in absence of HCl. Losses: ~0.13 g/L Nd and 0.10 g/L Dy lost to IL extraction in reported batch.,"Separation factor Co/Dy ~20,000 (no HCl) increasing to ~130,000 at 1 M HCl for Cyphos IL101 extraction conditions tested; rare-earths not extracted while Co,C u, Mn are extracted strongly.",Roasting: up to 15 h at 950°C for full oxidation; Leaching: typically 15 h at 80°C (or up to days at 100°C for larger scale) to reach equilibrium; Solvent extraction: 1 h at 60°C; Precipitation: 2 h at RT.,Leaching: n(HCl)/n(Ln) optimal ~3.5 (acid equivalents); roasting reduces acid consumption by ~4 molar equivalents vs non-roasted. Oxalic acid consumption: 1.5 molar equivalents per REE atom. Other reagent losses minimal; IL losses <100 ppm solubility; NH4Cl used at 3.5 M as salting agent.,Not mentioned in source.,Leachate purity (REEs): ≥90 wt% (Nd+Dy+Pr) at n(HCl)/n(Ln)=3.5. Final product: rare-earth oxides produced via oxalate precipitation and calcination (implied high purity suitable for magnet feedstock).,"Lab-scale proof-of-principle (bench-scale batch experiments, grams to tens of grams); TRL ~3-4.",Not mentioned in source.
"Solvent extraction using supercritical CO2 (aeriometallurgical process) with TBP-HNO3 chelating agent and methanol cosolvent, applied to NdFeB magnet recycling.",Supercritical CO2 solvent with tributyl phosphate (TBP) complexed with nitric acid (HNO3) and 2 wt% methanol cosolvent.,"Nd, Pr, and Dy.",Postconsumer NdFeB magnets from wind turbines (magnet scrap).,"Nd 94%, Pr 91%, Dy 98% (Fe coextraction 62%).",Not mentioned in source.,Not mentioned in source.,Not mentioned in source.,Not mentioned in source.,Not mentioned in source.,Fundamental investigation; likely lab-scale (TRL not specified).,Not mentioned in source.
Selective leaching with deep eutectic solvents (DES) (chemical leaching technology),"Guanidine-based deep eutectic solvents (notably guanidine hydrochloride - lactic acid, GUC-LAC) as leachants; oxalic acid used for stripping/precipitation",Neodymium (Nd) primary target; process separates Nd from Fe; other REEs not specifically mentioned in summary.,"Roasted magnet powders (laboratory roasted oxide mixtures derived from NdFeB magnets); not explicitly HDD leachate, grinding coolant, or electroplating effluent.",99% recovery of Nd as Nd2O3,Nd/Fe separation factor >1300,Not mentioned in source.,Mass concentration of Nd in DES during leaching: 6.7×10^4 ppm; other reagent consumption metrics (kg reagent per kg REE) not mentioned,Not mentioned in source. (viscosity at 50 °C reported: 36 cP),Final Nd2O3 product purity: 99% (reported),Laboratory-scale experiments on roasted magnet powders; cyclic stability tested up to three cycles; TRL: laboratory (Not explicitly stated),Not mentioned in source.
Solvent extraction,Nitrate form of Mextral AE 336At ([336At][NO3]) as extractant and EDTA as aquo-complexing agent,"Pr, Nd, Dy",Synthetic leach solution of spent NdFeB magnets (wind turbine magnets),Not mentioned in source.,"Selectivity trend: Pr > Nd > Dy for extraction; EDTA complexation Dy > Nd > Pr; combined use improves selectivity among Pr, Nd, Dy",Not mentioned in source.,Not mentioned in source.,Not mentioned in source.,Not mentioned in source.,Lab-scale study on synthetic leach solutions (research study) — TRL: lab-scale (not specified explicitly),Not mentioned in source.
"Solvent extraction (P204 in sulfonated kerosene for reverse extraction), and acid leaching via a deep eutectic solvent (DES) for selective leaching; precipitation (oxalic acid) for final product recovery",Deep eutectic solvent composed of ethylene glycol and maleic acid (2:1 M ratio); P204 in sulfonated kerosene for reverse extraction with HCl; oxalic acid for precipitation,Neodymium (Nd); generally 'trace rare earth elements' indicated but specific focus is Nd,Calcinated NdFeB carbonylation slag (carbonyl residues/slag with <0.3% REE in this study),Nd extraction: 28.07% under optimal conditions; Fe leaching: <0.01% (indicating high selectivity),Nd/Fe selectivity factor >3000,Not mentioned in source.,Not mentioned in source.,Not mentioned in source.,High-purity Nd2O3 obtained after oxalate precipitation and calcination (specific purity % not stated),"Laboratory study on calcined carbonyl slag; implies lab-scale demonstration, TRL likely low (not explicitly stated)",Not mentioned in source.
Solvent extraction (using Primene 81R·Cyanex 572 ionic liquid and Cyanex 272/Cyanex 572 as extractants),"Primene 81R·Cyanex 572 ionic liquid (P81R·Cy572) diluted in Solvesso 100; Cyanex 272 and Cyanex 572; DEHPA, EHEHPA mentioned as comparators; stripping agents HCl 1.2–4 M and citric acid 1 M; diluents: kerosene, toluene, cumene, Solvesso 100/200","Neodymium (Nd), Dysprosium (Dy), Terbium (Tb); broader context mentions Pr and Sm as REEs of interest","Synthetic magnet waste leachate formulated to match real NdFeB magnet waste concentrations (aqueous chloride medium, 4 M Cl-, Nd/Tb/Dy at specified g dm-3)",Nd recovery 99.99% (purity 99.7%); Tb elimination/removal 99.99%; Dy elimination 99% in two counter-current stages using 0.30 M P81R·Cy572 IL,Reported separation factor Dy/Nd up to 86 (using 0.30 M P81R and Cy572 equimolar IL); general statement of good Dy/Nd and Tb/Nd separation factors with Cy572 vs Cy272,Contact time to equilibrium: ~5 min (10 min used experimentally); counter-current process required 11 contacts to reach steady-state; McCabe-Thiele indicates at least 2 stages for Dy removal at A:O 1:4,Not mentioned in source.,Not mentioned in source.,Nd product purity reported as 99.7% after two-stage counter-current extraction with P81R·Cy572 IL,"Lab-scale bench experiments using separatory funnels (aqueous 5–20 mL contacts, repeated 11 times); synthetic leachate mimicking real waste. TRL: lab-scale (approx. TRL 3)",Not mentioned in source.
"Solvent extraction (nonaqueous/solvometallurgy) using Cyanex 923 with PEG 200 as the more-polar phase; the paper focuses on solvometallurgical solvent extraction rather than acid leaching, ion exchange, electrochemical, or membrane methods.",Cyanex 923 (trialkyl phosphine oxide mixture) as extractant in LP phase; PEG 200 (more-polar phase) as feed solvent; diluent GS190 (hydrocarbon) with 10 vol% 1-decanol modifier; stripping with aqueous oxalic acid. Also studied LiCl and HCl as chloride sources and small water additions in PEG 200.,Neodymium (Nd(III)) and Dysprosium (Dy(III)) are the target metals.,Simulated NdFeB magnet leachate prepared from rare-earth oxides (synthetic feed mimicking pregnant leach solutions); no tests on real industrial magnet waste streams reported in this paper.,"Dy extraction: ~71–72% extracted per extraction stage under optimized conditions; Nd coextraction low (~5–6%). Stripping (oxalic acid) achieved >99.9% (all cycles) and >99.99% in specific test, producing Dy oxalate precipitate.","Reported Nd/Dy separation factors vary with conditions: 69 (PEG200+30-40% water, LiCl), 54 (PEG200+30-40% water, HCl), ~260 (2 M HCl, 30% water), up to >6000 at 0.5 M Cyanex 923 under optimized HCl conditions; under simulated NdFeB oxide feed conditions, separation factor ~42 with 72% Dy extraction.",Extraction equilibrium reached in 60 min (1 hour) under lab mixing conditions; stripping contact time 60 min (1 hour). McCabe-Thiele analysis indicates at least 3 extraction stages required for complete Dy removal.,Extractant concentration example: 0.5 mol L-1 Cyanex 923 in LP phase with 10 vol% 1-decanol in GS190. Oxalic acid used at stoichiometric amount for stripping (specific mmol/L given for 0.9 g/L Dy: 8.3 mmol L-1). No mass-based reagent consumption or USD/kg REE cost data reported.,Not mentioned in source.,"Stripping produced Dy oxalate precipitate and stripping efficiencies >99.9–99.99%; authors state oxalate can be calcined to produce pure Dy2O3, implying high purity product though quantitative purity % not provided.",Laboratory bench-scale experiments with synthetic/simulated feeds; TRL: lab-scale (no pilot/commercial demonstration reported). Authors present McCabe-Thiele analysis and conceptual flow sheet suggesting potential industrial scale-up (3 extraction stages + scrubbing + stripping) but no pilot data.,"Not mentioned in source. (No specific reagent cost, USD/kg REE, or operating cost data provided; only qualitative comment that chloride salts are cheaper)."
Solvent extraction using ionic liquid ([P66614][Cy272]) as task-specific ionic liquid; also acid leaching (HCl) prior to extraction,Leaching reagent: HCl (2-3 mol L^-1). Extractant: [P66614][Cy272] ionic liquid (0.01 mol L^-1 used for Fe removal and REE separation). Cyanex 272 and Cyphos IL 101 used in synthesis; stripping with 0.5 mol L^-1 HNO3. NaOH used for iron precipitation and Na2CO3 used to regenerate IL,"Dy, Pr, Nd primarily; Fe and B also targeted (Fe selectively removed)",Real magnet manufacturing waste: leach liquor from waste NdFeB magnets recovered from end-of-life HDDs,"Iron removal: 100% extraction with ~4% co-extraction of REEs using 0.01 mol L^-1 IL. HCl recovery: up to 81.1% with 1 mol L^-1 IL. Leaching: near-complete leaching (100% at optimal conditions: 2 mol L^-1 HCl, 80°C, 90 min) for REEs, Fe, B. Post-extraction raffinate Dy at 6.0 mg L^-1 after two extraction stages at O/A 2:3",Separation factors reported: Dy/Pr = 18.55; Dy/Nd = 15.52 at pH 2.03,Leaching: 90 minutes at 80°C. Batch liquid-liquid extractions performed with 15 min contact; counter-current extraction required two stages at O/A 2:3 to achieve reported separation/enrichment,"Specific reagent consumption (kg/kg REE) not provided. Paper notes HCl concentration in leach liquor (~1.22 mol L^-1) and that IL enables HCl recovery (81.1%), reducing alkali consumption for neutralization but does not quantify reagent usage per kg REE",Not mentioned in source.,"Purity: After iron removal and precipitation, recovered Fe2O3 was free of REEs per SEM-EDS. REE purity numbers for final separated fractions not provided; however iron removal reduced REE co-contamination to ~4% during iron extraction step",Lab-scale experiments using HDD magnet samples; batch extractions in 10 mL phases and small-scale leaching (grams of magnet). TRL: laboratory research (TRL 1-3).,No quantitative cost data (USD/kg REE) provided. Authors state operational cost reductions due to HCl recovery and IL reuse but do not provide numerical cost figures
Solvent extraction (study focuses on two systems: Aliquat 336/toluene and Cyanex 272/kerosene),"Extractants/diluents: Aliquat 336 in toluene, Cyanex 272 in kerosene; pH adjusted with HCl/NH3; stripping with HCl (0.1–2 mol/L tested)",Praseodymium (Pr) and Neodymium (Nd),"Model NdFeB magnet-leaching solution (synthetic model solution with Pr 200 ppm, Nd 400 ppm)","System I (Aliquat 336/toluene): Pr extraction 74.8%, Nd extraction 61.2%; System II (Cyanex 272/kerosene): Pr 48.9%, Nd 59.3%",Separation factor (Pr/Nd): System I = 2.10; System II = 1.54,"Extraction equilibrium times: A336/toluene ~20 min, C272/kerosene ~10 min; stripping: 0.1 M HCl achieved effective stripping within 5 minutes",Not mentioned in source.,Not mentioned in source.,Not mentioned in source.,Laboratory-scale experiments on model leach solution (batch separatory funnel tests); TRL: laboratory (bench-scale),Not mentioned in source.
Not mentioned in source.,"Hydrochloric acid for co-leaching, oxalic acid for REE precipitation, and iron powder (reducing agent) for Fe precipitation.","Rare earth elements (REEs, unspecified composition) and iron (Fe) were targeted; REEs recovered 98.28% and Fe recovered 94.65%.",NdFeB sludge (magnet manufacturing/recycling sludge).,REE recovery: 98.28% (as RE2(C2O4)3·10H2O); Fe recovery: 94.65% (as FeC2O4·2H2O).,Not mentioned in source.,Not mentioned in source.,Not mentioned in source.,Not mentioned in source.,Final REE product recovered as RE2(C2O4)3·10H2O; purity percentage of REE product not specified beyond recovery figure 98.28%.,"Not mentioned in source. The paper describes a process flowchart and lab-scale results but does not state scale, TRL, or pilot/commercial deployment; notes environmental advantages.",Not mentioned in source.
"Solvent extraction (hydrophobic deep eutectic solvent, HDES)",TOPO-based HDES (TOPO as HBA with various alcohols as HBD); specific ternary HDES composition DA:MA:TOPO = 5:5:4; strip reagent: 0.2 mol/L Na2C2O4 (oxalate),Rare earth elements from NdFeB magnets (REEs broadly; specific elements not listed in summary),Leachate from spent NdFeB permanent magnets (magnet leachate),Recovery efficiency: 99% (for REs from the magnet leachate),Specific numeric separation factors not provided; authors report good RE/Fe separation with ternary HDES (DA:MA:TOPO = 5:5:4) and further Fe removal during oxalate stripping leading to >99% purity,Equilibration time studied and optimized but exact processing/equilibration times are not provided in the summary.,Strip reagent concentration reported (0.2 mol/L Na2C2O4). Other reagent consumption metrics (kg/kg REE) not provided.,Not mentioned in source.,Final RE oxide purity reported >99% after oxalate stripping and calcination,Laboratory-scale batch countercurrent extraction demonstrated (raffinate concentration reduced from 4390 mg/L to 34 mg/L); cyclic stability tested for at least five cycles. TRL appears to be lab/pilot (not explicitly stated).,Not mentioned in source.
"Solvent extraction and acid/caustic leaching processes are described: thermal oxidation pretreatment followed by leaching (acid leaching implied) and caustic digestion + thermal oxidation followed by leaching. Solvent extraction using mixer-settlers is used for final purification, achieving >99.9% REE compounds. Iron co-leaching differs by route: thermal oxidation route co-leached ~35% Fe, while caustic digestion + thermal oxidation route had Fe leaching ~0.01%.",Not mentioned in source.,REEs from NdFeB magnets (specifically Nd is implied).,NdFeB magnet waste and manufacturing scraps (magnet manufacturing waste).,"Final REE product purity reached 99.9% or above; leaching recovery percentages for REEs are Not mentioned in source. Recovery efficiency of process steps not specified, only final product purity is given.",Not mentioned in source.,Not mentioned in source.,Not mentioned in source.,Not mentioned in source.,REE compounds of 99.9% or above were achieved via solvent extraction and precipitation.,Pilot plant scale; demonstrated in pilot plants at KIGAM (TRL ~6).,Not mentioned in source.
Not mentioned in source.,Not mentioned in source.,"Neodymium (Nd), Dysprosium (Dy), Praseodymium (Pr)",Grinding sludge from sintered NdFeB magnet production (magnet grinding sludge),Selective leaching raised rare earth concentration in residue to 70% (reported as concentration enrichment rather than percent recovery),Not mentioned in source. Paper notes oxidation pretreatment improves selectivity between Nd and Fe but gives no quantitative separation factors,Not mentioned in source.,Not mentioned in source.,Not mentioned in source.,Rare earths concentration increased to 70% after selective leaching (reported as concentration in material),Not mentioned in source.,Not mentioned in source.
Leaching and solvent extraction are the primary technologies discussed in the paper.,"Mineral acids HCl, HNO3, H2SO4; organic lixiviants acetic, citric, maleic, glycolic, ascorbic acids; extractants TBP, D2EHPA, Cyanex 272, Cyanex 923, and TODGA.","Nd, Dy, Pr (and other REEs like Gd and Tb).",Not mentioned in source.,Not mentioned in source.,"TODGA showed efficient separation of REEs from Fe, but numerical separation factors are not provided in the source.","Leaching time was investigated, but specific processing times are not reported in the source.",Not mentioned in source.,Not mentioned in source.,"Relatively pure aqueous REE streams were achieved using organic acid leaching and subsequent extraction, but exact purity percentages are not provided.",Not mentioned in source.,Not mentioned in source.
Acid leaching (solvometallurgical leaching using Versatic Acid 10) and alkali baking pre-treatment applied to NdFeB magnet powder; process flow applicable to bonded and sintered magnets,NaOH (25–40 wt./vol%) for alkali baking; Versatic Acid 10 (20 vol% in aliphatic diluent) for solvometallurgical leaching; oxalic acid for precipitation/stripping,Rare-earth elements (mainly Nd and Dy implied from NdFeB) and cobalt; REEs collectively recovered (>95% dissolution) with low Fe (<1%) and Co (<10%) co-dissolution,Demagnetized NdFeB magnet powder from end-of-life bonded (and applicable to sintered) magnets (solid magnet scrap),>95% REE dissolution from calcine; Na recovery 96.5%; B recovery 90.3%,No explicit numerical separation factors reported; co-dissolution metrics indicate effective separation from Fe (<1% co-dissolution) and limited Co (<10% co-dissolution); product mixed REO purity 98.4 wt%,Alkali baking: 30–540 min at 150–200 °C; leaching: performed at 60 or 90 °C (time for leaching not specified),NaOH at 25–40 wt./vol% used for baking; Versatic Acid 10 at 20 vol% in diluent for leaching. Specific reagent consumption per kg feed or per kg REE not mentioned in source,Not mentioned in source.,Mixed rare-earth oxide product with 98.4 wt% purity,Lab-scale flow sheet demonstrated; TRL not specified and no pilot/commercial scale reported,Not mentioned in source.
Hydrometallurgy (leaching + solvent extraction) is identified as a primary technology in the source.,Biodegradable organic acids and salt aqua regia are mentioned as leaching reagents; corrosive solvents are noted as commonly used in current processes.,"Rare earth elements from NdFeB magnet waste (Nd, Dy, Pr, etc.) are the target metals as indicated by references to REEs and NdFeB magnet waste.",Not mentioned in source.,Chemical leaching recovery efficiencies reported as between 80% and 99%.,Not mentioned in source.,Not mentioned in source.,The source suggests biodegradable organic acids can lead to less chemical consumption but provides no quantitative reagent consumption values.,Not mentioned in source.,"The review notes deficiencies in achieving purity and selectivity, specifically in removing iron impurities; no quantitative purity percentages given.",Not mentioned in source.,The paper states that green leaching approaches can be more cost-effective but provides no numeric cost data.
Not mentioned in source.,Aliquat 336 diluted in Solvesso was used as the iron-selective solvent extraction reagent; Na2SO3 and 3 M HCl were used to restore/treat the organic phase; oxalic acid was used for precipitation of REE as mixed rare earth oxalates.,"Rare earths from NdFeB magnets (Nd, Pr, Dy likely included as constituents of NdFeB).",End-of-life NdFeB permanent magnets from wind turbines (magnet scrap).,Not mentioned in source.,Not mentioned in source.,Not mentioned in source.,Not mentioned in source.,Not mentioned in source.,Mixed rare earth oxalates were produced (no purity % reported).,Not mentioned in source.,Not mentioned in source.
Solid phase extraction (SPE) using functionalized mesoporous silica; also precipitation of Fe3+ prior to SPE and elution in nitric acid media for separation of Nd3+ and Dy3+,"Functionalized mesoporous silica with NH2, EDTA and phosphonic (P/N-containing) groups; ammonia solution used to precipitate Fe3+ (pH ~2.5); nitric acid used for gradient elution to separate Nd3+ and Dy3+",Nd3+ and Dy3+ (general REEs) were targeted and recovered,Simulated leaching solutions and real leaching solution from NdFeB magnets; applied to industrial magnet leachate with 95.5% extraction,Nd3+ recovered ~97.0% using bi-functional mesoporous silica; complete REE recovery up to 97.8% after several SPE stages; 95.5% extraction reported for industrial magnet leachate,"Affinity order indicates Fe3+ > Dy3+ > Nd3+ > Ni2+ > Al3+ for P/N-functionalized silica; separation by gradient elution achieved Nd3+ purity 98.4%, implying good Nd/Dy separation though explicit numeric separation factors not reported",Not mentioned in source.,Not mentioned in source.,Not mentioned in source.,Nd3+ purity achieved up to 98.4% after gradient elution; recovered Nd3+ ~97.0% with Ni2+ and Al3+ impurities noted,Demonstrated on simulated solutions and on industrial magnet leachate with 95.5% extraction; several-stage SPE achieved 97.8% recovery — indicates lab-to-benchtop and at least pilot application on real industrial leachate but TRL not explicitly stated,Not mentioned in source.
"Hydrometallurgical processing including leaching, precipitation and solvent extraction (solvent extraction and ionic liquid extraction).","Inorganic lixiviants: HCl, HNO3, H2SO4, aqua regia; Organic acids: acetic acid, oxalic acid; iron removal via hydroxide precipitation; extractants compared: D2EHPA and ionic liquid CYPHOS® IL101.",Neodymium (Nd) and Dysprosium (Dy).,Spent NdFeB magnets (end-of-life HDD magnets).,Complete recovery reported for Nd and Dy in the optimized system.,Not mentioned in source.,Not mentioned in source.,Not mentioned in source.,Not mentioned in source.,Not mentioned in source.,"Lab-scale study; TRL not specified, implied bench-scale experiments involving demagnetization, grinding and lab hydrometallurgical steps.",Not mentioned in source.
Not mentioned in source.,Bi-functional ionic liquid based on Aliquat 336 and Cyanex 572 ([AL336][Cy572]) dissolved in kerosene; stripping reagent: 0.5 mol/L HCl.,Nd(III) and Ni(II) (from NdFeNi magnets).,Leach liquor from real scrap NdFeNi (hard disk) magnets.,Not specified numerically in source; qualitative statement that Bif-IL improved extraction percentage compared to Cyanex 572 alone.,Improved Nd(III)/Ni(II) separation factor when using Bif-IL vs Cyanex 572 alone; numerical separation factors not provided in source.,Not mentioned in source.,Stripping reagent: 0.5 mol/L HCl; reagent consumption amounts not specified in source.,Not mentioned in source.,Final Nd product described as a marketable salt; numerical purity (%) not reported in source.,Lab-scale demonstration using leach liquor from real scrap magnets; TRL not specified.,Not mentioned in source.
Not mentioned in source.,"Molten magnesium solvent (magnesium metal) used for selective extraction; general thermodynamic parameters like temperature, magnet to solvent ratio, vacuum pressure, heat requirement were determined.",Nd and Dy,NdFeB permanent magnet scrap (solid magnet scrap),Not mentioned in source.,Not mentioned in source.,Not mentioned in source.,Not mentioned in source.,Not mentioned in source.,An RE alloy with low impurity content was targeted; specific purity (%) not mentioned in source.,Thermodynamic modelling / lab-scale process design; TRL not stated (research/thermodynamic study applied to process design).,Not mentioned in source.
Not mentioned in source.,Not mentioned in source.,Not mentioned in source.,Not mentioned in source.,Not mentioned in source.,Not mentioned in source.,Not mentioned in source.,Not mentioned in source.,Not mentioned in source.,Not mentioned in source.,Not mentioned in source.,Not mentioned in source.
"Acid leaching + precipitation (hydrometallurgical process), with subsequent purification steps including re-leaching to remove Fe and selective precipitation.",H2SO4 (sulfuric acid) for leaching; NaOH for pH control to precipitate Nd as NaNd(SO4)2•(H2O); additional H2SO4 re-leaching to dissolve FeSO4(H2O) and purify Nd compound.,"Neodymium (Nd) and Praseodymium (Pr) are the primary target metals; Co, B and Fe are present as impurities and Fe is specifically removed during purification.",EOL NdFeB magnet scrap from hard disk drives (solid magnet scrap),Leaching dissolved >90% of the magnet material into solution; specific recovery efficiency for Nd/Pr through precipitation is not explicitly given but precipitates contain ~26% Nd and ~8% Pr indicating substantial recovery; precise % recovery for Nd/Pr Not mentioned in source.,Not mentioned in source.,Not mentioned in source.,Not mentioned in source.,Not mentioned in source.,High-purity NaNd(SO4)2•(H2O) precipitate was obtained with Fe reduced to 0.14% in the final precipitate,Lab-scale study (research paper describing a proposed process); TRL not explicitly stated.,Not mentioned in source.
Solvent extraction (PRDC extraction tower),Extractant (unspecified type) at 5% and 10% concentrations tested; extractant identity not mentioned,"Nd, Pr, Dy (neodymium, praseodymium, dysprosium)",Aqueous leachate from NdFeB magnet scrap (magnet scrap leachate),Not mentioned in source.,Separation behavior: single batch extraction gave highest separation coefficient; increasing extractant concentration from 5% to 10% increased Nd and Pr extraction but decreased Nd/Dy separation efficiency,"Processing parameters affect extraction rates (rotation speed and flow rate), but explicit processing time or throughput not provided",Not mentioned in source.,Not mentioned in source.,Not mentioned in source.,Lab-scale experiments comparing batch and continuous PRDC conditions; scale/TRL not specified,Not mentioned in source.
Solvent extraction (non-aqueous solvent extraction using neutral extractant P350).,P350 as extractant in a PEG 200 (polyethylene glycol 200) non-aqueous solvent system at 0.2 mol/L; stripping reagents: HCl at 0.04 mol/L (for Nd) and 0.4 mol/L (for Dy).,Dysprosium (Dy(III)) and Neodymium (Nd(III)).,"Simulated NdFeB magnetic immersion solution (i.e., simulated magnet waste leachate), not explicitly real industrial waste stream testing reported.",Dy extraction efficiency 85% and Nd co-extraction 6% in extraction step; stripping achieved 97.11% Nd and 98.5% Dy recovery from loaded organic phase.,β(Nd/Dy) = 201 under 70 vol% PEG200 with 0.2 M P350; β(Dy/Nd) reported as 83.4 in simulated NdFeB immersion solution experiment.,Specific equilibration time not provided in summary; process requires 3 counter-current SX stages per McCabe-Thiele analysis to completely extract Dy.,"Concentrations of key reagents provided (0.2 M P350 in 70 vol% PEG200; stripping with 0.04 M and 0.4 M HCl), but no mass or kg/kg REE consumption metrics reported in the source summary.",Not mentioned in source.,Specific final purity (%) of separated REE product not provided; stripping efficiencies indicate high recovery but purity not quantified in summary.,Lab-scale work with simulated immersion solution; no pilot or commercial TRL reported.,Not mentioned in source.
Solvent extraction and acid leaching (leaching followed by liquid-liquid solvent extraction),Organophosphorus derivative extractants (specific names not mentioned) and oxidation roasting prior to leaching,"Neodymium (Nd), Praseodymium (Pr), Dysprosium (Dy), Terbium (Tb)","Scrap permanent magnets leach liquor (i.e., leachate from oxidized/roasted magnet scrap)",Not mentioned in source.,"The paper investigates separation factors and 'crowding effect' to improve RE separation, but specific separation factor values are not provided in the summary/full-text metadata available here. Not mentioned in source.",Not mentioned in source.,Not mentioned in source.,Not mentioned in source.,Not mentioned in source.,Not mentioned in source.,Not mentioned in source.
AcOEt/NaSal hydrotrope-enabled selective leaching (hydrotrope-based solvent extraction alternative),"Sodium salicylate (NaSal) + ethyl acetate (AcOEt) ternary hydrotrope system; comparison reagents: H2SO4, HCl, HNO3 (various concentrations); precipitation reagent: oxalic acid (C2H2O4)","Nd, Pr, Dy (REEs) and Fe (co-leached/monitored); process targets selective Dy extraction then Nd/Pr","NdFeB magnet powder (original form, particle size <1 mm)","Ternary hydrotrope system: Dy 80–99.7% depending on S/L and time; specifically 94% Dy after 5 h at 1:50 S/L and 88% Dy (process flow) with concurrent Nd/Pr ~8% and Fe ~1%
Inorganic acids (HNO3/H2SO4/HCl): >83% (all elements) after 5 h, >90% after 2 h in many cases","Ternary system separation factors: Dy/Nd up to 62.5 in CPN region; Dy/Fe up to 1,535 in CPN region; other regions lower (e.g., SF Dy/Nd 1.7 PO, 15.6 FC for Dy/Fe)
Inorganic acids: separation factors ≈1 (no selectivity)",Ternary process: selective Dy leach optimal ~3–5 h (3 h at 20 °C for first stage; 5 h at 40 °C for second stage). Inorganic acids: fast leaching—complete for many REEs within 1–2 h under tested conditions,"Ternary formulation specified as mass composition 21% AcOEt, 39% NaSal, 40% H2O; S/L ratio used 1:50 g·mL-1. No explicit reagent consumption per kg REE or kg reagent/kg REE reported.",Not mentioned in source.,Dy oxide purity up to 99.4% after two additional dissolution/precipitation and calcination steps; overall process mass yield ~68%,"Laboratory-scale experiments (10 mL leachate batches, bench experiments on magnet powder). TRL: lab-scale (approx. TRL 3-4). No pilot/commercial demonstration reported.",Not mentioned in source.
Process includes acid leaching (H2SO4) and solvent extraction using non-saponification P507 (phosphoric extractant).,"Reagents: H2SO4 leach, Na2SO4 for double salt formation, NaOH precipitation to hydroxide, HCl dissolution, solvent extraction with non-saponification P507.",Target REEs: Neodymium (Nd) and Dysprosium (Dy); process aims at high-Nd and low-Dy separation and produces Dy2O3 and Nd2O3.,NdFeB scraps (magnet scrap) dissolved in sulfuric acid; indicates solid magnet scrap processing rather than leachates.,Purity of final oxide products reported: Dy2O3 99.5% and Nd2O3 99%.,Not mentioned in source.,Not mentioned in source.,Claims reduced consumption of ammonia and hydrochloric acid when using non-saponification P507 compared to saponification; no quantitative reagent consumption values provided.,Not mentioned in source.,Dy2O3 purity 99.5% and Nd2O3 purity 99% reported.,Not mentioned in source.,Not mentioned in source.
"Solvent extraction (liquid-liquid extraction) using a mixture of a tertiary amine (tri-octyl amine) and a phosphinic acid (bis-(2,4,4-trimethylpentyl) phosphinic acid) from chloride solution.","Tri-octyl amine (tertiary amine) and bis-(2,4,4-trimethylpentyl) phosphinic acid as extractants; benzene as diluent; sodium chloride used to enhance extraction (salting-out).","Dy(III), Nd(III), Pr(III) were targeted, with higher extraction for Dy compared to Nd and Pr; reported maxima: Dy 98.4%, Nd 61.2%, Pr 58.3% under specified conditions.","Simulated NdFeB magnet leach liquor tested; actual leach liquor from hard disk magnets also tested and found to preferentially extract iron, impeding REE extraction.","Maximum extraction efficiencies reported: Dy 98.4%, Nd 61.2%, Pr 58.3% under batch conditions at pH 5.04 with 0.1 M each extractant; counter-current two-stage study achieved 97.4% Dy removal (4.15 mg/L Dy left in raffinate) at unity phase ratio.",Separation factors reported in simulated NdFeB leach liquor: Dy/Pr = 67.7 and Dy/Nd = 56.9 at pH 2.05 with 0.25 M extractants.,Not mentioned in source.,Extractant concentrations used in experiments: 0.1 mol/L each (batch condition) and 0.25 mol/L for simulated leach liquor tests. No mass-based reagent consumption or cost per kg REE reported.,Not mentioned in source.,"Notable purification outcome: two-stage counter-current extraction removed 97.4% of Dy, leaving 4.15 mg/L in raffinate; however, testing with actual HDD leachate showed significant iron co-extraction which impeded REE extraction, suggesting lower purity in real leachates.",Laboratory-scale experiments including counter-current two-stage tests; no pilot or commercial scale indicated (TRL: laboratory-scale).,Not mentioned in source.
Solvent extraction using ionic liquid (trihexyl(tetradecyl)phosphonium nitrate - Cyphos IL 101 derivative) in liquidliquid extraction; categorized under solvent extraction / ionic-liquid-based extraction.,Nitric acid for leaching; trihexyl(tetradecyl)phosphonium nitrate (from Cyphos IL 101) as ionic liquid organic phase; EDTA as selective complexing agent; oxalic acid for precipitation.,"Neodymium (Nd), Dysprosium (Dy) and Cobalt (Co).",Leachate from end-of-life NdFeB permanent magnets (iron-free nitric acid leachate).,Not mentioned in source.,Not mentioned in source.,Not mentioned in source.,Not mentioned in source.,Not mentioned in source.,Nd2O3: 99.6%; Dy2O3: 99.8%; CoO: 99.8%.,Lab-scale demonstration; ionic liquid recycling demonstrated; TRL not stated in source.,Not mentioned in source.
"Solvent extraction (carboxylic acid-based, compared with acidic organophosphorous ester extractants)",Neo-decanoic acid (carboxylic acid) tested; referenced comparison to acidic organophosphorous esters PC-88A and D2EHPA,"Nd, Dy, Fe (Fe3+), Co (Co2+)",Not mentioned in source.,Not mentioned in source.,Selectivity discussed qualitatively; extraction equilibria for single and binary solutions were measured but numeric separation factors are Not mentioned in source.,Not mentioned in source.,Not mentioned in source.,Not mentioned in source.,Not mentioned in source.,Lab-scale experimental study comparing extractants; mentions industrial application for organophosphorous esters but this study appears lab-scale. TRL: Not mentioned in source.,Not mentioned in source.
Solvent extraction (study focuses on TODGA and D2EHPA used with various diluents),"D2EHPA (di(2-ethylhexyl)phosphoric acid) and TODGA (tetraoctyl diglycolamide); diluents tested included solvent 70, hexane, octane, cyclohexanone, toluene, 1-octanol, chloroform","Neodymium (Nd), Dysprosium (Dy), Praseodymium (Pr), Terbium (Tb)",Nitric acid and sulfuric acid leachates of neodymium magnet waste (real commercial waste sources),Not mentioned in source.,"Effect of diluent on separation factors discussed; authors report both extractants showed good selectivity for REEs vs matrix, but specific numeric separation factors not provided in summary",Not mentioned in source.,Not mentioned in source.,Not mentioned in source.,Not mentioned in source.,Lab-scale research using real magnet leachates; TRL not specified,Not mentioned in source.