Company,Core Service,Target Wastestream,Technology Platform,Regulatory Compliance,Economic Viability,Geographic Coverage,Key Customers,Competitive Positioning,Evidence
--- MEDICAL WASTE INCUMBENTS (Disposal Focus) ---,,,,,,,,,
Stericycle,"Regulated medical waste management, specializing in the collection, transportation, treatment, and disposal of sharps, biohazardous, and pharmaceutical waste from healthcare facilities. Primarily a fee-for-service disposal model.","Primarily clinical waste streams: sharps, biohazardous materials, and unused/expired pharmaceuticals from hospitals and clinics. While it offers a ""Metals Recycling Service,"" this is for single-use surgical instruments, not for recovering Gd, I, or Ag from manufacturing wastewater.","Core technologies are disposal-oriented: high-temperature incineration for pharmaceutical waste and autoclave sterilization for medical and sharps waste. No chemical recovery technologies like AOP, ion exchange, or electrowinning are mentioned.","Services are designed to help customers comply with EPA (RCRA), DOT, and DEA regulations for hazardous and pharmaceutical waste. The company has a dedicated regulatory affairs team to monitor changes in federal and state laws.","Business model is based on fee-for-service disposal ($/kg). The company processes massive volumes (e.g., 55 million lbs of pharmaceutical waste incinerated in 2023), but provides no data on the economic viability of recovering Gd, I, or Ag, as this is not its focus.","Global operations with a strong presence in North America (US, Canada), Europe (UK, Ireland), and Latin America.","Hospitals, health systems, physician offices, clinics, pharmacies, and research laboratories. Does not list pharmaceutical or medical device manufacturers as primary customers for waste services.","A leading medical waste incumbent with a vast logistics network, focused on compliant disposal rather than resource recovery. Strengths lie in scale and managing regulated clinical waste streams. A clear market gap exists in its service portfolio for recovering Gd, I, or Ag from manufacturing or clinical wastewater.","Company website and brochures describe a full suite of disposal services. A metals recycling service for single-use clinical instruments is documented, but this is a physical segregation and sterilization process, not chemical recovery. No case studies or pilots on Gd, I, or Ag recovery are mentioned."
Clean Harbors,"Comprehensive hazardous waste management, including waste disposal (incineration), recycling and reuse services (specializing in chemical and solvent recycling), and industrial wastewater treatment.","Broad industrial and healthcare hazardous waste, including pharmaceutical manufacturing waste, lab chemicals, and solvents. Treats RCRA wastewater with heavy metals, but no specific mention of targeting Gd or I from contrast media manufacturing or Ag from medical device coatings.","Key technologies include high-temperature incineration, distillation columns and liquid-liquid extraction for solvent recycling, and various industrial wastewater treatment methods such as chemical precipitation, filtration, and carbon adsorption.","Operates RCRA-permitted Treatment, Storage, and Disposal Facilities (TSDFs) and incinerators. Services ensure customer compliance with EPA, DOT, and other federal and state regulations for hazardous waste.","Offers solvent recycling as an economical alternative to disposal, aiming to reduce customer costs. The business model is primarily fee-for-service disposal, but no quantitative data on metal recovery economics or concentration thresholds for Gd, I, or Ag is provided.","North America, with a network of over 100 service centers and 50 hazardous waste disposal facilities across the United States, Canada, Mexico, and Puerto Rico.",Serves a broad range of industries including pharmaceutical and biotechnology for waste disposal and on-site services. Healthcare customers include major hospital systems.,"A major North American competitor in hazardous waste management with extensive infrastructure, including company-owned incinerators and TSDFs. Strength lies in its ability to handle a wide range of hazardous industrial and healthcare wastes. A market gap is apparent, as the company's focus is on disposal and solvent recovery, with no specific services mentioned for Gd or I recovery from contrast media manufacturing.","The company provides case studies for pharmaceutical waste management with healthcare systems (e.g., Park Nicollet, Fairview) and fact sheets on its solvent recycling and wastewater treatment facilities. No evidence of pilots or services for recovering Gd, I, or Ag from pharma or medical device manufacturing waste streams."
Sharps Compliance,"Regulated medical waste management, specializing in mail-back and pickup services for sharps, pharmaceutical, and hazardous waste disposal.","Unused/expired medications, sharps, and other regulated medical waste from clinical and professional settings. Mentions pharmaceutical manufacturers as customers but the service described is for disposal of packaged waste, not liquid manufacturing effluent.","Mail-back and pickup logistics systems (TakeAway Recovery Systems), containerization, and a digital tracking platform (SharpsTracer). Treatment technologies include incineration and autoclaving at centralized facilities.","Services are designed for compliance with DEA regulations for controlled substances (Reverse Distribution), EPA (RCRA), and DOT transportation rules. The company provides customers with an online ""Regulatory Hub"" for compliance support.","Fee-for-service model based on the sale of disposal systems (containers and mail-back kits). The economic model is built on disposal logistics and compliance, not on value from recovered materials. No data on metal recovery economics is available.","Nationwide provider across the United States, headquartered in Houston, Texas.","Serves a wide range of small to mid-size healthcare providers, including physician practices, clinics, dental offices, long-term care facilities, and pharmaceutical manufacturers.","A leading US provider focused on small to mid-size waste generators, utilizing mail-back systems as a key differentiator. Strengths include regulatory-compliant, convenient solutions for distributed healthcare sites. Its focus on disposal of contained waste (sharps, unused meds) presents a clear gap in capabilities for treating liquid manufacturing wastewater or performing chemical metal recovery.","The company provides case studies on waste management simplification for clinical customers (e.g., a dermatology office chain). Its SharpsTracer system provides proof-of-destruction documentation. No case studies or pilots on Gd, I, or Ag recovery are mentioned."
--- PRECIOUS METAL REFINERS (Recovery Focus) ---,,,,,,,,,
Johnson Matthey,"Precious metal recovery and refining, specializing in Platinum Group Metals (PGMs) and Silver from secondary sources like spent catalysts and chemical/industrial residues.","Silver (Ag) and Platinum Group Metals (PGMs) from manufacturing waste, including spent catalysts and chemical residues from the pharmaceutical industry. The company also offers ""metal scavengers"" to remove metal impurities from process streams. No mention of targeting Gd or I.","Utilizes a broad range of technologies including pyrometallurgy (smelting), hydrometallurgy (chemical leaching, separation), supercritical water oxidation (AquaCat process), and solid-phase adsorption (metal scavenger beads) for metal recovery.","Adheres to major global accreditations for precious metals. Pharmaceutical services division operates under cGMP and has a long history of successful FDA audits, indicating capability to handle GMP-regulated waste streams.","The business model is based on recovering high-value metals where the processing cost does not exceed the recovered value. Recovery rates for PGMs can exceed 95%. No economic data is provided for Gd or I, which are not their stated targets.","Global presence with major refineries in Europe (UK), the US, and China, supported by a global network of partners.","Serves a wide range of industrial sectors including chemical, pharmaceutical (for catalyst recovery), automotive, and electronics manufacturers.","A world leader in PGM refining and catalyst technology with a strong circular economy focus. Strengths include advanced pyrometallurgical and hydrometallurgical processes, a global refinery network, and expertise in handling complex chemical residues. Its focus is on high-value PGMs; a significant market gap exists as no services for lower-value Gd or I recovery are mentioned.","JM has published whitepapers and technology reviews on PGM circularity and participated in EU-funded research projects (e.g., PLATIRUS) to pilot advanced hydrometallurgical technologies like microwave-assisted leaching. Evidence focuses on PGM recovery from autocatalysts, not medical/pharma metals like Gd or I."
Heraeus Precious Metals,"Precious metals services, including trading, refining, and recycling. Also manufactures precious metal-based products, including heterogeneous catalysts and high-potency active pharmaceutical ingredients (HPAPIs).","Silver (Ag), Gold (Au), and Platinum Group Metals (PGMs) from industrial and manufacturing waste streams, including spent catalysts, chemical residues, and electronic scrap from the pharmaceutical and chemical industries. No mention of targeting Gd or I.","Core technologies include thermal pretreatment, pyrometallurgy, hydrometallurgy, and advanced adsorption processes (""scavenger technology"") capable of recovering metals from very dilute solutions (single-digit ppm range).","Holds numerous quality certifications including ISO 9001, ISO 14001, and ISO 17025. Manufacturing of APIs is GMP compliant with a successful history of FDA and German health authority audits. Adheres to responsible sourcing frameworks like LBMA and RMI.","Economically viable recovery of precious metals from various industrial scraps, including catalyst wastes and dilute process solutions in the single-digit ppm range. The 'Circlear' program highlights the value of using recycled metals. No economic data is provided for Gd or I recovery.","Global presence with 15-16 sites worldwide, including facilities in Europe (Germany), North America, China, and India, serving all major industrial regions.","Serves a wide range of industries including pharmaceutical, chemical, automotive, and electronics for both product supply and recycling services. A partnership with Evonik for HPAPI services is noted.","A global leader in the precious metals industry, covering the full value chain from trading to refining and recycling. Strengths include a strong presence in the pharmaceutical sector as a leading supplier of platinum-based APIs, GMP compliance, and advanced recycling technologies like scavengers for low-concentration streams. The focus remains on high-value precious metals (PGMs, Au, Ag), with no services mentioned for Gd or I recovery.",Company brochures and press releases describe a wide range of recycling capabilities. A partnership with PhosphonicS for scavenger technology has been successfully used for dilute platinum and rhodium solutions. Holds a GMP compliance certificate.
Umicore Precious Metals Refining,"Precious metals refining and recycling of complex industrial byproducts, electronic scrap, and spent catalysts. The company is also a supplier of specialty chemical products, including iodine and its derivatives for the pharmaceutical sector.","Silver (Ag), Gold, and Platinum Group Metals from a wide variety of complex industrial waste streams, including byproducts, residues, sludges, and electronic scrap. The company supplies iodine salts for pharmaceutical synthesis but does not explicitly mention recovery of iodine or gadolinium from waste.","Utilizes a unique, integrated metallurgical flowsheet combining pyrometallurgical (e.g., Isa smelt submerged lance furnace) and hydrometallurgical processes (leaching, electrowinning, precipitation, solvent extraction). Has in-house developed processes for silver refining.","Holds ISO 14001 and ISO 9001 certifications and operates under environmental permits. Pharmaceutical API facilities are cGMP compliant. Products are aligned with pharmacopeia standards (EP, USP, JP).",Economically driven by the metal content and concentration in waste streams. The large scale of operations allows for efficient recovery from a wide variety of industrial feeds. No specific economic data is provided for Gd or I recovery.,"Global operations with major refining facilities in Europe (Hoboken, Belgium) and a network of sites across Europe, North America, and Asia.","Serves a wide range of industries including non-ferrous metals, electronics, automotive (catalysts), and specialty chemicals. Also serves the healthcare and life sciences sector with raw materials and API manufacturing.","A global leader in refining and recycling complex materials, with one of the world's largest and most eco-efficient precious metals recycling facilities. Strengths include a unique metallurgical flowsheet capable of processing over 200 different types of feedstocks and maximizing recovery of 17 different metals. While it supplies iodine salts, a gap exists as there is no mention of dedicated services for *recovering* Gd or I from waste streams.",Company website describes its advanced metallurgical flowsheet and eco-efficient facilities. A manufacturing facility in Argentina has passed a European cGMP audit for producing platinum-based APIs. No case studies or pilots for Gd or I recovery from manufacturing waste are mentioned.
--- PHARMACEUTICAL WASTEWATER TREATMENT ---,,,,,,,,,
EnviroChemie,"Wastewater treatment solutions, specializing in the design, construction, and operation of plants for industrial sectors, particularly pharmaceutical and biotech manufacturing.","Pharmaceutical manufacturing wastewater containing complex organic compounds, APIs, and medicine residues. Also treats industrial wastewater with heavy metals. No specific mention of targeting Gd, I, or Ag.","Offers a wide range of technologies combined into multi-stage treatment trains, including: Advanced Oxidation Processes (AOPs like UV/H2O2, ozone), biological treatment (Biomar®), membrane filtration (RO, NF, UF), dissolved air flotation (Flomar®), and ion exchange.","Designs systems to meet stringent discharge conditions for direct river discharge or release to public sewer systems, ensuring compliance with local legal requirements. No explicit mention of GMP, NPDES, or ISO certifications in the provided sources.",Focuses on providing cost-saving solutions through energy efficiency (claiming up to 30% savings) and optimized chemical usage. AOPs are presented as a more economical and sustainable alternative to off-site incineration. No quantitative data is provided for metal recovery economics.,"Headquartered in Germany with a strong presence in Europe and international project capabilities, including projects in Southeast Europe and Morocco.","Serves global biotechnology and pharmaceutical manufacturers. Named customers in other industries include ZEISS, Diageo, and Meyer-Burger.","A specialized provider of tailored water and wastewater treatment solutions for industrial clients, with a strong focus on the pharmaceutical and biotech sectors. Strengths include in-house laboratory/pilot testing to design optimal, customized treatment trains and energy-efficient plant designs. Represents a key technology enabler for API removal, but a gap exists as there is no mention of specific services for metal recovery (Gd, I, Ag).","Provides multiple case studies on its website for pharmaceutical wastewater treatment, demonstrating successful removal of API residues at manufacturing sites in Europe. Evidence includes lab and pilot testing to validate process design before full-scale implementation."
Arvia Technology,"Industrial wastewater treatment, specializing in the removal of persistent organic compounds (POCs), APIs, and micropollutants using advanced electrochemical oxidation.","Targets hard-to-treat organic micropollutants in pharmaceutical manufacturing wastewater, including APIs, antibiotics, and iodinated contrast media (Iomeprol). No mention of targeting Gadolinium or Silver.","Patented Nyex™ system, which combines adsorption onto a proprietary, non-porous, conductive media with electrochemical oxidation for in-situ regeneration and contaminant destruction. No secondary waste or sludge is generated.",Systems are designed to meet stringent discharge regulations. The company can support client validation and verification requirements. The technology helps clients comply with emerging regulations on PFAS and other persistent chemicals.,"Presents a strong ROI by offering a cost-effective alternative to off-site incineration, with one case study avoiding €460,000 per year in disposal costs. The technology has low energy consumption and minimal maintenance (annual 2-4% media top-up).","Operates globally with offices in the UK, China, and the USA.","Serves pharmaceutical manufacturers, CDMOs, and biotech companies. A case study features an unnamed global pharmaceutical company in Ireland, and another collaboration is noted with Zestron China.","A specialized technology provider focused on destroying persistent organic pollutants using its proprietary Nyex™ electrochemical oxidation system. Strengths include its chemical-free process, in-situ media regeneration (vs. GAC), and demonstrated high removal efficiency for APIs and even iodinated contrast media. Its focus is on destruction, not recovery, representing a gap for circular economy applications.","Provides case studies demonstrating high removal efficiencies for various APIs (e.g., Ibrutinib, Topiramate) to below PNEC levels for a global pharmaceutical client. A specific case study on the removal of the iodinated contrast agent Iomeprol is also mentioned on its website."
--- CONTRAST MEDIA MANUFACTURERS ---,,,,,,,,,
GE Healthcare,Manufacturer of pharmaceutical imaging agents (contrast media for MRI and CT) and medical devices. Offers an end-of-life recycling program for its iodinated contrast media.,"Iodine (I) from unused, uncontaminated iodinated contrast media collected from clinical settings (hospitals). Does not target Gd or Ag, nor does it address recovery from manufacturing wastewater.","Collection and logistics system for returning unused contrast media. The collected material is processed to carefully extract the iodine, which is then recycled to produce new contrast media. Specific chemical extraction technologies are not detailed.","Operates under stringent pharmaceutical manufacturing regulations (FDA CGMP, EMA). Its environmental management system is ISO 14001 certified. Products comply with medical device and substance regulations like EU RoHS and WEEE.","The iodine recycling program is framed as a circular economy initiative to conserve a non-renewable resource. Economic viability is based on the value of recovered iodine as a raw material. On average, 5% of purchased contrast media goes unused, representing the recoverable portion from clinical settings.","Global company headquartered in the US. The iodine recycling program is active in 11 European countries, Canada, and the United States. API manufacturing site located in Lindesnes, Norway.",Hospitals and healthcare facilities that use GE's iodinated contrast media are the customers for the recycling program. Example: Northumberland Hills Hospital in Canada.,"A leading global manufacturer of contrast media with a strong focus on product lifecycle and sustainability. A key strength is its established, first-mover iodine recycling program for unused clinical contrast media. A significant gap exists as there is no publicly available information on recovery of Gd from manufacturing or clinical waste, or recovery of I from manufacturing wastewater.","The iodine recycling program has been operational in Europe since 2006 and has expanded to Canada and the US. A case study with Northumberland Hills Hospital in Canada documents participation, with 50 containers returned since spring 2021. No evidence for Gd or Ag recovery programs."
Bayer Radiology,"Manufacturer of contrast agents for MRI (e.g., Gadavist) and CT/X-Ray (e.g., Ultravist), and related injection systems. Has initiated a pilot collection and recycling service for gadolinium-based contrast agents.","Gadolinium (Gd) from uncontaminated, leftover contrast media collected from clinical radiology departments. The program focuses on recycling unused product from clinical settings, not recovery from manufacturing wastewater.",Collection and logistics system using special containers for hospital radiology departments. The collected material is processed to extract gadolinium for further industrial use. The specific extraction technology is not detailed.,"Operates under strict pharmaceutical manufacturing regulations (e.g., FDA, EMA). A 2017 FDA warning letter cited cGMP violations at a German facility. The company has internal programs for automating FDA compliance for verification and validation.","The ""re:contrast"" pilot program's economic viability is not detailed. The driver is cited as the expected scarcity of raw materials and sustainable resource management. No quantitative data is provided.","Global pharmaceutical company with sales and regulatory approvals in the US, Europe, and other global markets. The geographic scope of the ""re:contrast"" recycling pilot is not specified.","Hospitals and radiology departments are the target customers for the ""re:contrast"" collection program. Clinical research partners include leading US academic centers like Mayo Clinic and MD Anderson.","A global leader in radiology and contrast media manufacturing, demonstrating early-stage engagement in circular economy practices for gadolinium. Strength lies in its market leadership and direct access to clinical partners for pilot programs. The ""re:contrast"" initiative is a new practice, indicating a potential first-mover advantage if scaled, but a current gap in large-scale, operational recovery for either Gd or I.","Bayer has launched the ""re:contrast"" pilot program for collecting uncontaminated gadolinium contrast media leftovers from hospital radiology departments for recycling. The company is also actively involved in R&D to reduce clinical Gd dosage through partnerships (e.g., with Subtle Medical on AI-powered image enhancement)."
Bracco Imaging,Manufacturer of contrast media (iodinated and Gd-based) and related medical devices. Engages in internal waste recovery at manufacturing sites and pilots external collection/recycling programs.,"Iodine (I) and Gadolinium (Gd) from two distinct streams: 1) Manufacturing wastewater at their own production sites (e.g., low-concentration iodine streams). 2) Excreted clinical waste via pilot urine collection and filtration systems in hospitals. Silver is not mentioned.","**Manufacturing:** Reverse osmosis systems, solvent recovery/distillation, and a proprietary automated process (""Obelix"" project) for iodine recovery from low-concentration streams. **Clinical:** Point-of-source urine collection and filtration devices (in partnership with Zereau) using absorbent cartridges.","Manufacturing operations adhere to FDA GMP, and facilities are ISO 9001, ISO 13485, and ISO 50001 certified. The company actively manages environmental compliance at its production sites, including wastewater discharge.","Demonstrated economic viability for iodine recovery at manufacturing scale, recovering over 20 tonnes per year. The Re.Water pilot for clinical recovery is positioned to recover valuable raw materials, but quantitative economics are not yet published.","Global company with production plants in Italy, Germany, Switzerland, USA, Canada, and China, and product sales in over 100 countries. Recovery pilots are active in Europe (Germany, France).",Serves hospitals and diagnostic imaging centers globally. Key partners for recovery initiatives include Zereau (filtration technology) and unnamed third-party processors for collected filter materials.,"A global leader in diagnostic imaging actively pursuing a circular economy model for both iodine and gadolinium. Strengths include a vertically integrated approach with demonstrated, large-scale internal iodine recovery from manufacturing, and innovative clinical pilot programs for source-capture of excreted contrast media. This dual focus on both manufacturing and clinical waste streams positions them as a leader in sustainability initiatives.","The ""Obelix"" project at its Ceriano Laghetto (Italy) plant documents a fully automated iodine recovery system achieving >80% yield. The ""Re.Viva"" and ""Re.Water"" initiatives include pilot programs in Germany and France for collecting leftover I and Gd contrast media, and a collaboration with Zereau to pilot urine filtration systems in European hospitals, with one study showing 99% removal efficiency."
Guerbet,"Manufacturer of contrast media for X-ray (iodinated) and MRI (gadolinium-based), along with associated injection systems and medical devices.","As a manufacturer of Dotarem® (gadoterate meglumine) and iodinated contrast agents (Xenetix®, Optiray®), Guerbet generates Gd and I-containing waste streams at its API and fill-finish manufacturing sites. No programs for recovering these metals are mentioned in the sources.",The company utilizes advanced pharmaceutical manufacturing technologies for producing contrast agents. The provided sources contain no information on technologies used for waste treatment or metal recovery.,"Operates under global pharmaceutical regulations, with a dedicated regulatory affairs team managing product registrations. Manufacturing facilities are GMP compliant and subject to FDA and other health authority inspections.","Not mentioned in source. The company's focus is on product sales, and no information is provided on the economics of recovering Gd, I, or Ag from its manufacturing or clinical waste streams.","Global company headquartered in France, with products distributed in approximately 80 countries and over 50 subsidiaries worldwide. Manufacturing sites include facilities in France, Ireland, Brazil, and the US.","Serves hospitals, clinics, radiology centers, and purchasing pools globally through direct sales and a network of distributors. A collaboration with Bracco on the development and manufacturing of gadopiclenol is a key partnership.","A leading global expert in medical imaging with a strong portfolio of contrast agents, including the high-relaxivity gadopiclenol (Elucirem™) co-developed with Bracco. Its competitive strength lies in its product innovation and global market presence. However, there is a significant information gap regarding its waste recovery and recycling activities; no public programs for Gd or I recovery are mentioned in the available sources.","The company's Quality Manual and regulatory filings (e.g., FDA approval for Elucirem™) provide evidence of its manufacturing and compliance capabilities. Unlike competitors Bayer and Bracco, no specific case studies, pilots, or public programs for contrast media recycling or recovery were found in the provided sources."